trading_date,symbol,theme,open,high,low,close,return_open_close,intraday_high_from_open,intraday_low_from_open,intraday_range,volume,bars
2026-03-02,AAPL,Other,262.47,266.505,260.3,264.705,0.00851525888672966,0.015373185506915021,-0.00826761153655664,0.023837879369957626,932579.0,78
2026-03-02,ABBV,Healthcare,234.18,235.38,231.98,234.21,0.00012810658467854452,0.005124263387138006,-0.009394482876419974,0.014656435899646603,273465.0,77
2026-03-02,ABT,Healthcare,115.62,115.645,113.63,114.095,-0.013189759557170055,0.0002162255665110191,-0.01721155509427441,0.017732993047610668,353630.0,78
2026-03-02,ADBE,Technology,257.6,264.18,257.305,260.91,0.012849378881987672,0.025543478260869446,-0.001145186335403836,0.02671926313130335,96937.0,78
2026-03-02,ADI,Semiconductors,349.675,355.98,348.52,352.22,0.007278186887824445,0.018031028812468763,-0.003303067133767157,0.02140479742912893,160770.0,75
2026-03-02,AEP,Utilities,133.62,134.23,133.2,133.2,-0.0031432420296364505,0.004565184852566961,-0.0031432420296364505,0.007732732732732783,81484.0,74
2026-03-02,AMAT,Semiconductors,366.15,373.81,364.13,372.075,0.0161818926669397,0.020920387819199915,-0.005516864672948207,0.026583912338999927,142846.0,77
2026-03-02,AMD,Semiconductors,193.845,198.73,190.0,198.57,0.024375145090149264,0.025200546828651804,-0.01983543552838607,0.045947368421052515,921441.0,78
2026-03-02,AMGN,Healthcare,386.635,391.14,382.06,385.65,-0.002547622434595942,0.011651816312542751,-0.011832865622615651,0.023765900643877957,131300.0,78
2026-03-02,AMZN,Technology,204.45,209.72,203.46,208.26,0.018635363169479113,0.02577647346539491,-0.004842259721203113,0.030767718470460892,1866518.0,78
2026-03-02,AVGO,Semiconductors,309.245,320.015,307.315,318.85,0.031059515917799763,0.03482675548513314,-0.00624100632184843,0.04132567560971645,372196.0,78
2026-03-02,BA,Aerospace,224.99,230.145,223.93,229.55,0.02026756744744218,0.022912129427974604,-0.004711320503133498,0.027754208904568367,130408.0,74
2026-03-02,BAC,Financials,48.79,50.415,48.58,49.79,0.02049600327936063,0.033306005328960886,-0.004304160688665681,0.03777274598600244,2154406.0,78
2026-03-02,BKNG,Consumer,4050.0,4218.275,4028.0,4176.87,0.03132592592592598,0.041549382716049355,-0.005432098765432047,0.04723808341608726,36101.0,78
2026-03-02,BLK,Financials,1038.52,1075.49,1033.74,1068.18,0.02855987366637147,0.035598736663713826,-0.004602703847783385,0.04038733143730533,23657.0,78
2026-03-02,BRK.B,Financials,494.595,494.595,477.97,480.06,-0.029387680829769836,0.0,-0.03361336042620733,0.034782517731238416,278224.0,78
2026-03-02,CARR,Industrials,63.29,64.09,62.79,63.84,0.008690156422815676,0.012640227524095549,-0.007900142202559635,0.020703933747411973,211101.0,78
2026-03-02,CAT,Industrials,732.79,755.56,725.52,752.05,0.026283109758593826,0.031073022284692664,-0.009920986913031005,0.04140478553313476,108368.0,76
2026-03-02,CDNS,Technology,297.66,304.68,296.25,303.375,0.01919975811328345,0.02358395484781295,-0.004736948195928292,0.028455696202531744,136548.0,78
2026-03-02,CEG,Utilities,328.68,333.21,325.16,327.21,-0.004472435195326807,0.013782402336619093,-0.010709504685408211,0.024757042686677222,199501.0,78
2026-03-02,CI,Healthcare,289.82,292.16,287.54,290.73,0.0031398799254711562,0.00807397695121126,-0.00786695190117992,0.016067329762815552,30820.0,67
2026-03-02,COP,Energy,119.01,119.01,115.73,118.25,-0.006386017981682257,0.0,-0.02756070918410214,0.02834183012183522,710762.0,78
2026-03-02,COST,Consumer,1010.91,1020.28,1002.66,1002.76,-0.0080620431096734,0.00926887655676567,-0.008160963884025318,0.01757325514132413,47035.0,75
2026-03-02,CRM,Technology,192.42,195.72,190.71,192.95,0.002754391435401793,0.0171499844091052,-0.008886810102899823,0.026270253264118137,383806.0,78
2026-03-02,CSCO,Technology,78.745,79.51,77.7,79.41,0.008444980633691035,0.009714902533494163,-0.013270683852943055,0.023294723294723374,1372752.0,78
2026-03-02,CVX,Energy,190.445,190.68,187.26,189.52,-0.004857045341174482,0.0012339520596498232,-0.016723988553125624,0.018263377122717195,498276.0,78
2026-03-02,CW,Defense,715.75,729.42,705.13,724.655,0.01244149493538238,0.019098847362905902,-0.014837582954942419,0.034447548678967044,12651.0,42
2026-03-02,D,Utilities,63.03,63.41,62.85,63.035,7.932730445814329e-05,0.006028875138822665,-0.0028557829604950458,0.008910103420843196,543360.0,78
2026-03-02,DE,Industrials,625.335,635.605,622.34,631.0,0.009059144298655841,0.016423197166318904,-0.0047894328639849215,0.021314715428865316,35398.0,72
2026-03-02,DHR,Healthcare,207.52,207.7,204.695,205.95,-0.007565535851966176,0.0008673862760215645,-0.013613145720894448,0.014680378123549609,220600.0,78
2026-03-02,DIS,Consumer,104.11,104.48,102.905,104.31,0.0019210450485063202,0.00355393333973697,-0.01157429641725094,0.015305378747388465,602487.0,78
2026-03-02,DUK,Utilities,131.24,132.2,130.92,131.62,0.0028954587016152278,0.007314843035659768,-0.0024382810118868115,0.00977696303085862,155892.0,78
2026-03-02,DVN,Energy,45.36,45.42,43.85,44.93,-0.009479717813051125,0.001322751322751392,-0.03328924162257496,0.035803876852907646,757586.0,78
2026-03-02,ELV,Healthcare,316.03,316.03,290.16,294.06,-0.06951871657754005,0.0,-0.08185931715343464,0.08915770609318985,187378.0,78
2026-03-02,EMR,Industrials,149.62,152.57,149.35,152.07,0.01637481620104264,0.0197166154257451,-0.0018045715813395091,0.021560093739537933,102758.0,76
2026-03-02,ENPH,High Beta Growth,41.235,45.72,41.08,44.73,0.08475809385230981,0.10876682429974527,-0.00375894264581067,0.11295034079844202,247284.0,78
2026-03-02,EOG,Energy,126.64,128.75,124.275,128.66,0.015950726468730192,0.0166614024005054,-0.018674984207201484,0.036008851337758996,742163.0,78
2026-03-02,EQT,Energy,62.195,62.46,60.68,61.61,-0.009405900795883881,0.004260792668220992,-0.024358871291904505,0.029334212261041603,481211.0,78
2026-03-02,ETN,Industrials,370.055,378.02,368.52,377.39,0.01982137790328453,0.02152382753914961,-0.00414803204929004,0.025778790839031895,71378.0,77
2026-03-02,EXC,Utilities,49.06,49.51,49.06,49.15,0.001834488381573518,0.009172441907867812,0.0,0.009172441907867812,410493.0,78
2026-03-02,FANG,Energy,183.01,183.01,173.375,178.92,-0.022348505546145092,0.0,-0.052647396317141104,0.05557317952415275,152063.0,77
2026-03-02,GD,Defense,362.14,365.97,359.155,364.52,0.006572043960899165,0.010576020323631807,-0.008242668581211698,0.01897509431860911,61185.0,76
2026-03-02,GE,Industrials,341.54,347.13,335.51,345.695,0.012165485741055138,0.016367043391696257,-0.017655325876910544,0.03463384101815148,159123.0,78
2026-03-02,GOOG,Technology,302.965,308.1,301.13,306.23,0.010776822405228481,0.016949152542373058,-0.006056805241529517,0.023146149503536773,342624.0,78
2026-03-02,GOOGL,Technology,303.15,308.49,301.52,306.24,0.010192973775358771,0.017615042058387154,-0.005376876133927122,0.023116211196603897,770512.0,78
2026-03-02,GS,Financials,838.01,873.335,836.06,861.32,0.027815897184997773,0.042153434923210886,-0.0023269412059522265,0.04458412075688356,84347.0,76
2026-03-02,HAL,Energy,36.78,36.78,34.99,35.96,-0.022294725394236048,0.0,-0.04866775421424685,0.051157473563875344,1311641.0,78
2026-03-02,HD,Consumer,373.5,374.36,369.0,370.65,-0.007630522088353464,0.0023025435073629197,-0.012048192771084376,0.014525745257452538,152155.0,78
2026-03-02,HON,Industrials,241.75,248.18,241.465,247.96,0.02568769389865566,0.026597724922440502,-0.0011789038262668416,0.027809413372538394,114222.0,76
2026-03-02,HUBB,Industrials,506.605,521.725,503.48,517.415,0.021338123390017838,0.029845737803614325,-0.006168513930971842,0.03623778501628672,22045.0,66
2026-03-02,HWM,Defense,262.7,267.125,259.13,265.17,0.009402360106585572,0.0168443090978303,-0.013589645984012133,0.030853239686643885,80852.0,78
2026-03-02,IBM,Technology,235.75,240.695,233.92,239.22,0.014718981972428491,0.02097560975609758,-0.007762460233298074,0.028962893296853753,238833.0,78
2026-03-02,INTC,Semiconductors,44.235,45.805,43.98,45.48,0.028145133943709766,0.035492257262348836,-0.005764665988470696,0.04149613460663937,1973612.0,78
2026-03-02,IREN,High Beta Growth,39.07,42.235,38.84,41.375,0.05899667263885333,0.0810084463782954,-0.005886869721013488,0.08740988671472705,527090.0,78
2026-03-02,ISRG,Healthcare,493.875,499.46,490.67,496.25,0.004808909136927442,0.011308529486206087,-0.006489496330043032,0.017914280473638078,49477.0,78
2026-03-02,JCI,Industrials,144.28,146.115,143.2,145.53,0.008663709453839763,0.012718325478236814,-0.007485444968117649,0.02035614525139673,121223.0,75
2026-03-02,JNJ,Healthcare,248.29,251.71,246.885,248.47,0.0007249587176285655,0.013774215634942966,-0.005658705545934173,0.019543512161532828,264177.0,78
2026-03-02,JPM,Financials,295.005,299.91,293.4,297.51,0.008491381502008455,0.01662683683327404,-0.005440585752783944,0.022188139059304834,193008.0,78
2026-03-02,KMI,Energy,33.725,34.13,33.07,33.87,0.00429948109710887,0.012008895478131887,-0.01942179392142329,0.03205322044148784,891909.0,78
2026-03-02,KO,Consumer,81.23,81.4,80.15,80.19,-0.012803151544995783,0.002092822848701159,-0.013295580450572442,0.015595757953836609,986869.0,78
2026-03-02,LHX,Defense,368.75,379.225,368.75,378.755,0.027132203389830467,0.028406779661017012,0.0,0.028406779661017012,152766.0,78
2026-03-02,LIN,Materials,507.89,510.0,500.0,509.38,0.0029337061174663503,0.004154442891177279,-0.015534859910610543,0.020000000000000018,128868.0,78
2026-03-02,LLY,Healthcare,1046.8,1054.825,1013.595,1018.15,-0.027369124952235313,0.007666220863584261,-0.031720481467328976,0.04067699623616927,97642.0,78
2026-03-02,LMT,Defense,689.19,691.225,664.41,676.79,-0.017992135695526712,0.00295274162422543,-0.03595525181735093,0.040359115606327434,124407.0,78
2026-03-02,LOW,Consumer,258.26,260.53,256.27,257.13,-0.004375435607527289,0.00878959188414763,-0.007705413149539209,0.016623092831778985,117424.0,78
2026-03-02,LRCX,Semiconductors,229.25,233.56,227.85,230.88,0.0071101417666303846,0.018800436205016258,-0.006106870229007688,0.025060346719332882,244658.0,77
2026-03-02,MA,Financials,509.5,526.115,509.03,521.025,0.022620215897939167,0.032610402355250256,-0.0009224730127576075,0.03356383710193911,199128.0,78
2026-03-02,MCD,Consumer,340.44,341.4,334.48,334.78,-0.01662554341440492,0.0028198801550933794,-0.017506755962871545,0.020688830423343685,123289.0,78
2026-03-02,MDT,Healthcare,96.85,98.765,96.785,98.08,0.012700051626226116,0.019772844605059348,-0.0006711409395973034,0.020457715555096456,340396.0,78
2026-03-02,META,Technology,636.71,659.77,634.68,653.55,0.026448461623030717,0.03621743022726198,-0.003188264673085195,0.03953173252662756,207673.0,78
2026-03-02,MPC,Energy,204.98,210.245,202.44,209.79,0.023465703971119245,0.025685432725143897,-0.012391452824665805,0.038554633471646005,241780.0,78
2026-03-02,MRK,Healthcare,123.3,123.45,121.045,121.35,-0.015815085158150888,0.0012165450121655041,-0.01828872668288728,0.0198686438927671,501579.0,78
2026-03-02,MS,Financials,162.55,169.5,162.385,166.98,0.027253152876038023,0.04275607505382961,-0.0010150722854507244,0.04381562336422706,294635.0,78
2026-03-02,MSFT,Technology,392.855,401.18,390.73,398.49,0.014343714602079727,0.02119102467831646,-0.005409120413384039,0.026744810994804524,579259.0,78
2026-03-02,MU,Semiconductors,401.52,417.36,397.27,412.44,0.027196652719665204,0.03945008965929486,-0.010584777844192095,0.050570141213784225,412457.0,78
2026-03-02,NEE,Utilities,93.27,93.5,91.77,92.69,-0.006218505414388287,0.0024659590436368894,-0.0160823415889354,0.018851476517380394,364981.0,78
2026-03-02,NFLX,Consumer,95.3,98.07,95.27,97.06,0.018467995802728288,0.02906610703043011,-0.00031479538300105414,0.029390154298309934,5021319.0,78
2026-03-02,NOC,Defense,740.0,767.67,740.0,767.32,0.036918918918918964,0.03739189189189185,0.0,0.03739189189189185,58680.0,73
2026-03-02,NOW,Technology,105.82,111.06,105.19,109.42,0.03402003402003406,0.04951804951804961,-0.005953505953505855,0.05580378362962257,543194.0,78
2026-03-02,NVDA,Semiconductors,174.81,183.455,174.75,182.4,0.04341856873176586,0.04945369258051602,-0.0003432297923460226,0.04981402002861235,6157811.0,78
2026-03-02,OKE,Energy,84.27,86.67,83.06,86.115,0.021893912424350237,0.02847988608045582,-0.014358609232229647,0.0434625571875753,535739.0,78
2026-03-02,ORCL,Technology,141.97,150.14,141.32,149.16,0.05064450235965334,0.05754736916249903,-0.004578432063111926,0.062411548259269756,530675.0,78
2026-03-02,OXY,Energy,56.18,56.2,53.34,54.19,-0.035421858312566834,0.0003559985760057671,-0.05055179779280872,0.05361829771278592,1087652.0,78
2026-03-02,PANW,Technology,148.165,151.81,146.185,150.13,0.013262241420038512,0.024600951641750912,-0.013363479904160869,0.038478640079351534,302727.0,78
2026-03-02,PCG,Utilities,18.985,19.155,18.8,19.09,0.005530682117461216,0.008954437713984742,-0.009744535159336265,0.018882978723404387,1019946.0,78
2026-03-02,PEG,Utilities,86.235,86.31,84.33,84.46,-0.02058328984750979,0.0008697164724300599,-0.022090798399721723,0.023479188900747072,105228.0,78
2026-03-02,PEP,Consumer,169.08,169.47,167.17,167.215,-0.011030281523539243,0.00230660042583386,-0.011296427726520175,0.013758449482562662,167531.0,78
2026-03-02,PG,Consumer,165.29,166.53,163.49,163.49,-0.010889950995220388,0.007501966241151958,-0.010889950995220388,0.018594409444002702,300751.0,78
2026-03-02,PLD,Real Estate,140.53,142.975,140.04,142.68,0.015299224364904385,0.01739842026613525,-0.0034867999715363363,0.020958297629248834,114689.0,76
2026-03-02,PM,Consumer,186.49,187.4,183.65,183.84,-0.014209877205212051,0.004879618210091641,-0.015228698589736744,0.02041927579635172,108793.0,76
2026-03-02,PSX,Energy,159.4,160.6,156.135,160.1,0.004391468005018773,0.007528230865746499,-0.020483061480552123,0.028597047426906164,193068.0,78
2026-03-02,PWR,Industrials,556.735,573.62,556.735,572.67,0.0286222349951053,0.030328612355968287,0.0,0.030328612355968287,27719.0,70
2026-03-02,QCOM,Semiconductors,137.825,142.005,136.95,141.01,0.0231090150553237,0.030328314892073438,-0.006348630509704356,0.03691128148959488,325929.0,78
2026-03-02,REGN,Healthcare,772.5,792.54,772.5,790.25,0.022977346278317157,0.02594174757281542,0.0,0.02594174757281542,23868.0,71
2026-03-02,RKLB,High Beta Growth,66.78,72.09,66.49,70.89,0.06154537286612749,0.07951482479784366,-0.004342617550164851,0.08422319145736212,311915.0,78
2026-03-02,ROK,Industrials,401.435,412.73,395.83,412.05,0.026442637039620465,0.028136560090674667,-0.013962409854646474,0.04269509637975899,38615.0,72
2026-03-02,RTX,Defense,210.39,212.8,208.165,212.175,0.008484243547697279,0.011454917058795644,-0.010575597699510442,0.022265990920663947,560626.0,78
2026-03-02,SCHW,Financials,94.04,96.595,94.04,95.46,0.015099957464908442,0.027169289663972807,0.0,0.027169289663972807,514931.0,78
2026-03-02,SLB,Energy,51.74,51.83,49.455,51.26,-0.009277155005798288,0.0017394665635870332,-0.04416312330885197,0.0480234556667678,1052767.0,78
2026-03-02,SNPS,Technology,413.35,426.02,405.505,424.92,0.02799080682230559,0.03065198983911932,-0.018979073424458703,0.05059123808584354,175656.0,77
2026-03-02,SO,Utilities,97.49,97.805,97.075,97.23,-0.002666940198994716,0.0032311006257053076,-0.004256846856087737,0.0075199587947463176,203281.0,78
2026-03-02,SPGI,Financials,434.91,444.45,433.26,442.95,0.018486583431054582,0.02193557287714687,-0.0037938883907016052,0.025827447721922248,123793.0,78
2026-03-02,TDG,Defense,1304.46,1326.185,1301.75,1315.98,0.008831240513315741,0.016654401054842616,-0.0020774880026984688,0.018770885346648614,28243.0,78
2026-03-02,TGT,Consumer,111.75,114.355,111.305,113.12,0.012259507829977645,0.02331096196868021,-0.003982102908277385,0.02740218319033283,255553.0,78
2026-03-02,TMO,Healthcare,511.18,512.73,502.455,508.48,-0.005281896787824203,0.0030322000078251143,-0.017068351656950642,0.020449592500821012,86433.0,78
2026-03-02,TSLA,Consumer,390.29,404.465,388.32,403.365,0.033500730226242004,0.03631914730072494,-0.005047528760665165,0.041576534816645916,577362.0,78
2026-03-02,TXN,Semiconductors,209.405,211.4,207.465,209.79,0.0018385425371887365,0.009526993147250584,-0.009264344213366416,0.01896705468392268,178112.0,77
2026-03-02,UBER,Consumer,73.82,76.49,73.15,75.98,0.029260363045245263,0.036169059875372556,-0.009076131129775011,0.04565960355434018,841285.0,78
2026-03-02,UNH,Healthcare,288.825,295.3,288.165,294.91,0.02106812083441545,0.022418419458149375,-0.002285120747857583,0.024760120070098646,261469.0,78
2026-03-02,V,Financials,316.34,322.57,314.85,320.35,0.012676234431308275,0.019694000126446287,-0.004710122020610608,0.02451961251389534,220640.0,78
2026-03-02,VLO,Energy,214.98,216.1,208.05,214.92,-0.0002790957298353103,0.00520978695692631,-0.03223555679598089,0.03869262196587342,253407.0,77
2026-03-02,VRT,Industrials,250.0,258.72,244.655,257.67,0.03068000000000004,0.03488000000000002,-0.021379999999999955,0.05748911732848305,185918.0,78
2026-03-02,VRTX,Healthcare,495.52,498.025,484.63,486.03,-0.01915159832095581,0.005055295447206953,-0.0219769131417501,0.02763964261395291,33130.0,72
2026-03-02,VST,Utilities,170.315,176.375,165.875,165.98,-0.02545283738954296,0.03558112908434374,-0.026069342101400328,0.06330067822155239,225045.0,77
2026-03-02,VZ,Communications,49.98,50.255,49.63,49.96,-0.0004001600640255454,0.005502200880352248,-0.007002801120448043,0.01259318960306266,1637433.0,78
2026-03-02,WMB,Energy,76.3,76.86,74.805,76.25,-0.000655307994757548,0.007339449541284404,-0.019593709043250196,0.027471425706837582,376672.0,78
2026-03-02,WMT,Consumer,127.71,128.7,127.07,127.1,-0.004776446636911791,0.007751937984496138,-0.005011353848563105,0.012827575352168052,585387.0,78
2026-03-02,XEL,Utilities,83.345,84.115,83.31,83.78,0.005219269302297658,0.009238706581078615,-0.00041994120823085623,0.009662705557555995,153197.0,78
2026-03-02,XOM,Energy,159.03,159.18,153.07,154.19,-0.030434509212098337,0.0009432182607056472,-0.03747720555869971,0.03991637812765414,1273199.0,78
2026-03-03,AAPL,Other,263.48,265.54,260.24,263.75,0.0010247457112493308,0.007818430241384622,-0.01229694853499319,0.020365816169689577,1325021.0,78
2026-03-03,ABBV,Healthcare,233.005,235.71,230.29,233.8,0.00341194394970068,0.011609192935774004,-0.011652110469732468,0.023535542142516075,466014.0,78
2026-03-03,ABT,Healthcare,113.235,114.34,112.66,113.56,0.0028701373250319406,0.009758466905108953,-0.005077935267364331,0.014912124977809471,265571.0,78
2026-03-03,ADBE,Technology,260.55,272.77,260.55,270.99,0.040069084628670204,0.04690078679715981,0.0,0.04690078679715981,221960.0,78
2026-03-03,ADI,Semiconductors,340.16,342.365,335.65,339.01,-0.0033807619943556633,0.006482243650046904,-0.013258466603951247,0.02000595858781473,173257.0,77
2026-03-03,AEP,Utilities,132.0,133.295,129.6,131.89,-0.0008333333333334636,0.00981060606060602,-0.018181818181818188,0.028510802469135843,204821.0,78
2026-03-03,AMAT,Semiconductors,351.315,359.24,349.065,351.33,4.2696725161217586e-05,0.022558103126823603,-0.006404508774176976,0.029149298841190108,245716.0,78
2026-03-03,AMD,Semiconductors,191.51,193.59,188.23,191.01,-0.0026108297216855814,0.010861051642212072,-0.017127042974257267,0.028475800881899938,1591422.0,78
2026-03-03,AMGN,Healthcare,378.45,381.61,372.765,377.0,-0.003831417624520994,0.008349848064473475,-0.015021799445105066,0.023728086059581877,62362.0,78
2026-03-03,AMZN,Technology,203.17,209.17,202.55,208.63,0.026874046365112925,0.029531919082541824,-0.003051631638529173,0.032683288077017814,1994158.0,78
2026-03-03,AVGO,Semiconductors,312.45,315.66,307.48,313.85,0.0044807169147065284,0.010273643783005326,-0.015906545047207454,0.026603356315857862,491588.0,78
2026-03-03,BA,Aerospace,225.75,225.75,221.185,224.01,-0.007707641196013304,0.0,-0.020221483942414187,0.020638831747179953,193561.0,77
2026-03-03,BAC,Financials,48.79,50.51,48.5,49.98,0.024390243902439046,0.03525312564049998,-0.005943840951014523,0.04144329896907206,3042339.0,78
2026-03-03,BKNG,Consumer,4100.01,4190.585,4073.38,4149.68,0.012114604598525425,0.022091409533147477,-0.006495106109497328,0.028773401941385224,21236.0,78
2026-03-03,BLK,Financials,1033.0,1066.55,1030.06,1052.64,0.01901258470474354,0.0324782187802517,-0.0028460793804453433,0.03542512086674554,53420.0,78
2026-03-03,BRK.B,Financials,476.165,483.46,472.765,481.185,0.01054256402717546,0.015320319637100566,-0.007140382010437651,0.022622233033325223,174581.0,78
2026-03-03,CARR,Industrials,61.495,62.04,60.295,61.14,-0.005772827059110419,0.008862509147085085,-0.019513781608260783,0.028941039887221187,254816.0,78
2026-03-03,CAT,Industrials,728.55,728.55,706.85,722.35,-0.008510054217280794,0.0,-0.029785189760483055,0.030699582655443036,127533.0,78
2026-03-03,CDNS,Technology,298.18,304.24,296.68,300.6,0.008115903145750947,0.02032329465423577,-0.005030518478771229,0.025482000808952465,99795.0,78
2026-03-03,CEG,Utilities,315.685,328.285,309.455,324.96,0.029380553399749765,0.039913204618527987,-0.019734862283605548,0.06084891179654561,292125.0,78
2026-03-03,CI,Healthcare,282.5,284.975,272.08,283.85,0.004778761061946968,0.008761061946902737,-0.0368849557522124,0.047394148779770884,115068.0,78
2026-03-03,COP,Energy,120.62,122.5,117.325,118.455,-0.017948930525617746,0.015586138285524687,-0.02731719449510861,0.04410824632431276,563474.0,78
2026-03-03,COST,Consumer,1003.8,1015.56,1000.98,1007.43,0.003616258218768653,0.011715481171548081,-0.0028093245666467315,0.014565725588922884,74476.0,78
2026-03-03,CRM,Technology,190.47,198.58,189.69,196.05,0.029295952118443935,0.04257888381372399,-0.00409513309182552,0.04686593916389903,498003.0,78
2026-03-03,CSCO,Technology,78.42,79.435,77.57,78.95,0.0067584799795969985,0.012943126753379275,-0.010839071665391553,0.02404280005156645,1152690.0,78
2026-03-03,CVX,Energy,190.58,191.51,187.46,188.76,-0.009549795361528113,0.004879840486934572,-0.016371077762619368,0.021604608983249562,448331.0,78
2026-03-03,CW,Defense,709.91,709.91,685.08,702.275,-0.010754884421968924,0.0,-0.0349762645969206,0.0362439423133063,10122.0,44
2026-03-03,D,Utilities,62.12,63.24,60.82,62.67,0.008853831294269199,0.01802962009014819,-0.020927237604636106,0.03978954291351533,301071.0,78
2026-03-03,DE,Industrials,621.235,623.43,609.63,619.305,-0.003106714850258041,0.003533284505863321,-0.018680531521887866,0.022636681265685743,82879.0,72
2026-03-03,DHR,Healthcare,202.95,204.95,200.735,203.95,0.00492732200049284,0.009854644000985457,-0.010914018231091283,0.0209978329638576,270256.0,78
2026-03-03,DIS,Consumer,102.87,104.27,102.16,103.29,0.00408282298046081,0.013609409934869143,-0.006901915038398099,0.020653876272513694,729771.0,78
2026-03-03,DUK,Utilities,130.85,132.28,128.5,131.41,0.004279709591134884,0.01092854413450528,-0.01795949560565524,0.02941634241245139,128611.0,78
2026-03-03,DVN,Energy,45.25,45.44,43.62,44.0,-0.027624309392265234,0.004198895027624161,-0.03602209944751389,0.04172397982576803,918125.0,78
2026-03-03,ELV,Healthcare,288.95,294.08,283.46,283.71,-0.01813462536771071,0.017753936667243453,-0.01899982695968161,0.03746560361250273,146682.0,78
2026-03-03,EMR,Industrials,147.815,148.75,144.97,146.5,-0.008896255454453161,0.006325474410580734,-0.01924703176267628,0.026074360212457792,111383.0,77
2026-03-03,ENPH,High Beta Growth,42.715,43.44,41.825,43.21,0.011588434976003592,0.01697296031838924,-0.020835771977057216,0.03861326957561251,139358.0,77
2026-03-03,EOG,Energy,129.93,131.32,127.0,128.01,-0.014777187716462858,0.010698068190563959,-0.02255060417147703,0.034015748031495985,517127.0,78
2026-03-03,EQT,Energy,62.08,63.01,60.63,61.625,-0.007329252577319534,0.014980670103092786,-0.02335695876288657,0.03925449447468243,436490.0,78
2026-03-03,ETN,Industrials,365.83,365.83,350.89,355.4,-0.028510510346335782,0.0,-0.04083864089877809,0.04257744592322377,113750.0,77
2026-03-03,EXC,Utilities,49.16,49.335,47.75,48.96,-0.004068348250610199,0.0035598047192839655,-0.028681855166802217,0.03319371727748699,590209.0,78
2026-03-03,FANG,Energy,180.23,181.335,174.855,177.47,-0.015313765743771746,0.006131054763357957,-0.02982300393941073,0.03705927768722672,191054.0,76
2026-03-03,GD,Defense,363.13,366.46,358.335,364.69,0.004295982155151146,0.009170269600418557,-0.013204637457659874,0.022674313142729607,82238.0,78
2026-03-03,GE,Industrials,339.99,340.595,329.325,334.19,-0.017059325274272785,0.0017794641018853419,-0.03136856966381374,0.03422151370226989,173998.0,78
2026-03-03,GOOG,Technology,298.21,303.93,296.81,303.49,0.017705643673921134,0.019181113980081266,-0.004694678246872974,0.023988410093999546,368499.0,78
2026-03-03,GOOGL,Technology,298.4,303.94,296.73,303.62,0.017493297587131362,0.018565683646112774,-0.005596514745308201,0.02429818353385227,1045270.0,78
2026-03-03,GS,Financials,830.095,867.54,825.08,862.31,0.03880881103970024,0.04510929471927905,-0.006041477180322663,0.05146167644349631,78176.0,78
2026-03-03,HAL,Energy,35.64,36.075,34.66,35.25,-0.01094276094276092,0.01220538720538733,-0.027497194163860983,0.04082515868436265,774596.0,78
2026-03-03,HD,Consumer,363.825,368.71,360.33,366.955,0.008603037174465644,0.0134267848553562,-0.009606266749123904,0.023256459356700843,155230.0,78
2026-03-03,HON,Industrials,244.215,247.12,241.8,243.855,-0.0014741109268473496,0.011895256229142337,-0.009888827467600225,0.022001654259718784,260642.0,78
2026-03-03,HUBB,Industrials,499.765,499.765,487.37,488.09,-0.023360979660440484,0.0,-0.024801656778685954,0.02543242300510906,39960.0,76
2026-03-03,HWM,Defense,259.52,260.35,252.68,258.81,-0.0027358199753390045,0.003198212083847185,-0.026356350184956745,0.03035459870191559,68793.0,70
2026-03-03,IBM,Technology,236.34,246.01,235.55,245.38,0.038249978844038246,0.040915630024540794,-0.003342641956503356,0.04440670770537025,180311.0,78
2026-03-03,INTC,Semiconductors,43.36,43.685,42.16,43.12,-0.005535055350553542,0.007495387453874569,-0.027675276752767597,0.0361717267552184,2722765.0,78
2026-03-03,IREN,High Beta Growth,39.66,40.38,37.57,38.855,-0.02029752899646997,0.01815431164901682,-0.05269793242561771,0.0747937183923344,897158.0,78
2026-03-03,ISRG,Healthcare,488.99,497.705,487.09,497.125,0.01663633203132986,0.017822450356858033,-0.0038855600319025463,0.021792687183066706,64518.0,78
2026-03-03,JCI,Industrials,141.51,142.39,138.165,139.54,-0.013921277648222707,0.006218641792099522,-0.023637905448378183,0.030579379727137868,163264.0,78
2026-03-03,JNJ,Healthcare,246.38,247.865,244.45,246.73,0.001420569851448894,0.006027274941147853,-0.007833428037990142,0.013970137042339958,181222.0,78
2026-03-03,JPM,Financials,290.87,302.34,289.98,300.22,0.03214494447691418,0.03943342386633186,-0.00305978615876501,0.04262362921580776,237246.0,78
2026-03-03,KMI,Energy,34.03,34.22,33.51,33.945,-0.002497796062298052,0.00558330884513647,-0.015280634734058274,0.021187705162638126,1041091.0,78
2026-03-03,KO,Consumer,79.845,79.94,78.56,79.36,-0.006074268895985946,0.0011898052476673193,-0.016093681507921564,0.017566191446028556,1104538.0,78
2026-03-03,LHX,Defense,374.1,375.05,366.82,367.99,-0.016332531408714268,0.0025394279604382675,-0.019460037423148946,0.02243607218799415,82731.0,77
2026-03-03,LIN,Materials,500.47,503.5,492.02,501.64,0.0023378024656821594,0.00605430894958725,-0.01688412891881641,0.023332384862404076,134480.0,78
2026-03-03,LLY,Healthcare,1012.865,1019.8,995.31,1007.09,-0.005701648294688777,0.00684691444565666,-0.017332023517448114,0.02460539932282413,75672.0,76
2026-03-03,LMT,Defense,682.22,685.62,657.8,667.76,-0.021195508780158967,0.00498372958869564,-0.03579490486939707,0.04229249011857705,81716.0,78
2026-03-03,LOW,Consumer,251.81,258.87,251.365,257.77,0.023668639053254337,0.02803701203288189,-0.0017672054326675068,0.029856980884371387,101241.0,78
2026-03-03,LRCX,Semiconductors,223.69,223.69,215.89,217.32,-0.028476910009388012,0.0,-0.03486968572578131,0.03612951039881418,315702.0,78
2026-03-03,MA,Financials,513.85,526.795,513.85,524.17,0.020083682008368076,0.02519217670526408,0.0,0.02519217670526408,183923.0,78
2026-03-03,MCD,Consumer,329.84,331.955,327.76,331.955,0.0064121998544748315,0.0064121998544748315,-0.006306087800145521,0.01279899926775685,92793.0,78
2026-03-03,MDT,Healthcare,97.235,97.605,96.0,96.735,-0.005142181313313121,0.0038052141718516452,-0.01270118784388341,0.016718750000000115,322826.0,78
2026-03-03,META,Technology,645.665,658.99,638.96,655.04,0.014519913577474286,0.020637637164783618,-0.010384642190609528,0.031347815199699536,253032.0,78
2026-03-03,MPC,Energy,214.225,215.375,206.42,211.99,-0.010432956004201133,0.005368187653168377,-0.03643365620259076,0.04338242418370308,141079.0,74
2026-03-03,MRK,Healthcare,119.775,120.965,118.63,119.755,-0.00016697975370494333,0.009935295345439243,-0.009559590899603454,0.019683048132850045,263854.0,78
2026-03-03,MS,Financials,161.78,167.24,160.0,165.86,0.02521943379898639,0.03374953640746692,-0.011002596118185215,0.04525000000000001,315096.0,78
2026-03-03,MSFT,Technology,393.095,406.675,392.71,403.8,0.027232602805937534,0.03454635647871385,-0.000979407013571909,0.03556059178528703,803214.0,78
2026-03-03,MU,Semiconductors,386.55,390.0,374.92,379.78,-0.017513905057560564,0.008925106713232323,-0.030086664079679193,0.04022191400832176,598133.0,78
2026-03-03,NEE,Utilities,91.49,93.1,90.33,92.55,0.01158596567930914,0.01759755164498844,-0.01267898130943268,0.03066533820436179,466918.0,78
2026-03-03,NFLX,Consumer,95.985,98.46,95.36,97.705,0.01791946658332022,0.025785278949835844,-0.006511434078241396,0.03250838926174482,4176267.0,78
2026-03-03,NOC,Defense,767.66,772.14,752.05,759.165,-0.011066096970012818,0.005835916942396491,-0.02033452309616235,0.026713649358420355,63487.0,78
2026-03-03,NOW,Technology,107.9,114.91,107.8,113.21,0.04921223354958282,0.06496756255792402,-0.000926784059314234,0.06595547309833028,592487.0,78
2026-03-03,NVDA,Semiconductors,178.48,180.885,176.92,180.03,0.008684446436575621,0.013474899148363972,-0.008740475123263147,0.0224112593262491,4859534.0,78
2026-03-03,OKE,Energy,86.58,87.0,84.29,84.74,-0.021252021252021303,0.00485100485100487,-0.02644952644952636,0.03215090758097028,148435.0,77
2026-03-03,ORCL,Technology,145.08,150.92,143.09,149.025,0.02719189412737788,0.04025365315687868,-0.013716570168183173,0.054720805087706825,482680.0,78
2026-03-03,OXY,Energy,55.0,55.1,53.09,53.69,-0.02381818181818185,0.001818181818181941,-0.03472727272727272,0.03786023733283095,842281.0,78
2026-03-03,PANW,Technology,149.085,156.79,149.085,156.14,0.047321997518194214,0.051681926417815216,0.0,0.051681926417815216,477961.0,78
2026-03-03,PCG,Utilities,18.76,19.115,18.515,18.91,0.007995735607675858,0.018923240938166108,-0.013059701492537323,0.03240615716986217,1071963.0,78
2026-03-03,PEG,Utilities,83.41,84.685,81.44,83.91,0.005994485073732125,0.015285936938017164,-0.023618271190504747,0.03984528487229877,159923.0,78
2026-03-03,PEP,Consumer,166.35,167.11,163.72,164.83,-0.009137360985873033,0.004568680492936794,-0.015810039074241056,0.020706083557292976,220770.0,78
2026-03-03,PG,Consumer,161.775,162.11,158.65,159.64,-0.013197341987328248,0.002070777314171046,-0.019316952557564493,0.021809013551843837,595755.0,78
2026-03-03,PLD,Real Estate,139.1,141.38,137.855,140.97,0.013443565780014488,0.016391085549964046,-0.00895039539899356,0.025570345653041393,92518.0,77
2026-03-03,PM,Consumer,181.82,181.82,175.69,177.97,-0.021174788252117493,0.0,-0.033714662853371435,0.03489100119528721,288097.0,78
2026-03-03,PSX,Energy,162.16,163.0,156.5,159.75,-0.01486186482486429,0.0051800690675876115,-0.03490379871731619,0.04153354632587858,203396.0,78
2026-03-03,PWR,Industrials,554.71,568.89,548.435,565.75,0.019902291287339224,0.025562906744064362,-0.011312217194570318,0.03729703611184565,52640.0,76
2026-03-03,QCOM,Semiconductors,138.34,139.13,136.36,138.15,-0.0013734277866126465,0.005710568165389507,-0.014312563249963772,0.020313875036667595,237113.0,78
2026-03-03,REGN,Healthcare,784.825,789.35,765.0,766.42,-0.023451087822126016,0.005765616538718765,-0.025260408371293064,0.03183006535947719,38114.0,76
2026-03-03,RKLB,High Beta Growth,68.82,73.23,66.21,70.08,0.018308631211856996,0.06408020924149982,-0.037925021795989555,0.10602628001812442,230377.0,77
2026-03-03,ROK,Industrials,399.01,405.695,393.62,398.55,-0.001152853311947033,0.016753966066013426,-0.013508433372597106,0.0306767948783091,33997.0,77
2026-03-03,RTX,Defense,212.07,214.31,205.74,206.5,-0.026264912528881967,0.01056255010138174,-0.029848634884707792,0.0416545154077963,437691.0,78
2026-03-03,SCHW,Financials,93.9,95.97,93.7,95.19,0.013738019169329041,0.022044728434504668,-0.0021299254526091493,0.024226254002134517,528374.0,78
2026-03-03,SLB,Energy,50.23,50.78,48.195,48.55,-0.03344614772048571,0.010949631694206818,-0.040513637268564495,0.05363626932254384,1379543.0,78
2026-03-03,SNPS,Technology,414.83,431.165,410.83,424.325,0.022888894245835623,0.03937757635657979,-0.009642504158329901,0.04949735900494123,116087.0,78
2026-03-03,SO,Utilities,96.63,97.775,95.295,96.8,0.0017592880057952787,0.01184932215668022,-0.013815585221980675,0.026024450390891518,286719.0,78
2026-03-03,SPGI,Financials,437.025,447.505,436.6,443.94,0.015822893427149598,0.023980321491905432,-0.0009724844116468789,0.024977095739807442,240014.0,78
2026-03-03,TDG,Defense,1309.105,1333.45,1286.64,1326.3,0.013134928061538265,0.018596674827458415,-0.017160579174321344,0.03638158303799033,20880.0,74
2026-03-03,TGT,Consumer,115.97,122.39,115.06,120.76,0.0413037854617575,0.05535914460636371,-0.007846856945761815,0.06370589257778558,622919.0,78
2026-03-03,TMO,Healthcare,502.36,510.53,493.71,508.08,0.011386256867584876,0.016263237518910678,-0.0172187276057012,0.03406858277126257,87061.0,78
2026-03-03,TSLA,Consumer,395.09,396.22,385.4,392.625,-0.006239084765496394,0.002860107823533964,-0.02452605735402058,0.02807472755578644,752997.0,78
2026-03-03,TXN,Semiconductors,205.5,206.225,201.88,202.7,-0.013625304136253069,0.0035279805352796956,-0.017615571776155692,0.021522686744600783,189634.0,77
2026-03-03,UBER,Consumer,74.8,77.305,74.03,76.39,0.021256684491978595,0.03348930481283441,-0.010294117647058787,0.04423882209914898,759214.0,78
2026-03-03,UNH,Healthcare,288.99,293.55,284.58,289.17,0.0006228589224541725,0.015779092702169706,-0.015260043600124673,0.03152013493569483,158861.0,78
2026-03-03,V,Financials,315.805,321.99,314.455,320.67,0.015405075917100719,0.019584870410538135,-0.004274789822833802,0.02396209314528308,215940.0,78
2026-03-03,VLO,Energy,218.35,221.24,211.02,217.71,-0.0029310739638195304,0.013235630867872716,-0.03356995649187078,0.04843142830063507,218715.0,78
2026-03-03,VRT,Industrials,243.0,248.05,234.9,244.38,0.005679012345678913,0.02078189300411526,-0.033333333333333326,0.05598126862494679,308920.0,78
2026-03-03,VRTX,Healthcare,484.1,484.1,471.62,474.14,-0.020574261516215775,0.0,-0.02577979756248716,0.026461982104236448,49472.0,76
2026-03-03,VST,Utilities,161.15,163.51,152.99,161.7,0.0034129692832762792,0.014644740924604216,-0.050636053366428735,0.06876266422641986,305159.0,78
2026-03-03,VZ,Communications,49.655,51.095,49.56,50.87,0.024468834961232533,0.029000100694793973,-0.001913201087503702,0.030972558514931414,2120371.0,78
2026-03-03,WMB,Energy,76.21,76.4,75.12,75.865,-0.004526964965227642,0.0024931111402703987,-0.014302584962603171,0.017039403620873195,512874.0,78
2026-03-03,WMT,Consumer,126.52,128.36,125.7,127.92,0.011065444198545826,0.014543155232374483,-0.006481188744862365,0.02116149562450298,756074.0,78
2026-03-03,XEL,Utilities,83.02,83.885,81.4,83.14,0.0014454348349794977,0.010419176102144156,-0.01951337027222344,0.030528255528255555,106361.0,77
2026-03-03,XOM,Energy,155.44,155.88,150.32,151.76,-0.023674729799279537,0.002830674215131168,-0.03293875450334538,0.03698775944651422,1198888.0,78
2026-03-04,AAPL,Other,264.69,266.0,261.485,262.5,-0.008273829763119078,0.0049491858400392275,-0.012108504288035005,0.017266764823985925,869550.0,78
2026-03-04,ABBV,Healthcare,233.38,237.075,232.21,236.2,0.012083297626189093,0.015832547776158945,-0.005013283057674123,0.020950863442573464,256768.0,78
2026-03-04,ABT,Healthcare,113.775,113.91,112.05,113.06,-0.006284333113601437,0.0011865524060645782,-0.01516150296638108,0.01659973226238276,232320.0,77
2026-03-04,ADBE,Technology,270.775,276.63,270.445,273.11,0.00862339580832816,0.021623118825593313,-0.001218724032868601,0.02286971472942745,134632.0,78
2026-03-04,ADI,Semiconductors,342.61,345.57,339.29,341.37,-0.003619275561133728,0.008639561016899666,-0.009690318437873935,0.018509239883285566,136459.0,78
2026-03-04,AEP,Utilities,132.42,133.745,130.9,133.52,0.008306902280622364,0.010006041383477049,-0.011478628605950614,0.021734148204736403,204058.0,75
2026-03-04,AMAT,Semiconductors,360.02,362.055,351.11,357.8,-0.006166324093105802,0.005652463752013892,-0.024748625076384534,0.031172567001794382,143485.0,75
2026-03-04,AMD,Semiconductors,192.295,202.44,189.905,202.04,0.050677344704750604,0.052757481993811695,-0.012428820302139876,0.0660066875543035,1360776.0,78
2026-03-04,AMGN,Healthcare,380.0,380.0,371.0,379.18,-0.0021578947368421364,0.0,-0.023684210526315752,0.0242587601078168,59687.0,75
2026-03-04,AMZN,Technology,210.52,217.535,210.31,216.805,0.029854645639369126,0.03332224966748987,-0.0009975299258978554,0.0343540487851266,2356546.0,78
2026-03-04,AVGO,Semiconductors,315.895,322.63,311.845,317.1,0.0038145586349895844,0.021320375441206796,-0.012820715744155331,0.0345844890891307,668143.0,78
2026-03-04,BA,Aerospace,226.255,227.455,221.82,227.3,0.004618682460056256,0.00530375019336593,-0.019601776756314804,0.02540348029934192,158524.0,78
2026-03-04,BAC,Financials,50.01,50.405,49.22,50.28,0.005398920215956782,0.007898420315936905,-0.015796840631873588,0.024075579032913463,2428342.0,78
2026-03-04,BKNG,Consumer,4146.025,4321.73,4137.5,4254.59,0.026185322085612306,0.042379146290724146,-0.0020561863471637576,0.04452688821752249,26643.0,78
2026-03-04,BLK,Financials,1057.495,1060.265,1045.43,1049.22,-0.007825096099745021,0.0026193977276489644,-0.011409037394975674,0.014190333164343816,20720.0,77
2026-03-04,BRK.B,Financials,481.0,489.14,480.35,487.505,0.013523908523908501,0.01692307692307682,-0.0013513513513513375,0.018299156864786115,79747.0,75
2026-03-04,CARR,Industrials,61.46,61.8,60.495,61.09,-0.006020175724048116,0.0055320533680442985,-0.015701269118125638,0.02157203074634273,168978.0,78
2026-03-04,CAT,Industrials,735.39,745.79,731.03,732.4,-0.004065869810576661,0.014142155862875372,-0.005928826880974736,0.020190689848569754,120428.0,77
2026-03-04,CDNS,Technology,300.25,308.58,296.3,305.48,0.01741881765195674,0.027743547044129846,-0.013155703580349676,0.04144448194397565,116998.0,78
2026-03-04,CEG,Utilities,322.51,326.19,318.49,322.87,0.0011162444575363306,0.011410498899258936,-0.012464729775820804,0.024176583252221384,86619.0,78
2026-03-04,CI,Healthcare,282.05,285.84,282.05,284.79,0.009714589611770963,0.013437333806062712,0.0,0.013437333806062712,37075.0,66
2026-03-04,COP,Energy,116.52,117.27,114.475,115.665,-0.007337796086508641,0.00643666323377956,-0.017550635084105703,0.02441581131251369,384196.0,78
2026-03-04,COST,Consumer,1006.15,1013.55,997.24,1006.725,0.0005714853650051754,0.0073547681757193395,-0.00885553843860254,0.01635514018691575,54282.0,78
2026-03-04,CRM,Technology,196.065,196.26,192.25,193.0,-0.015632570831101922,0.0009945681279166507,-0.019457832861551005,0.020858257477243125,425609.0,78
2026-03-04,CSCO,Technology,79.02,80.945,79.01,80.84,0.02303214376107321,0.024360921285750514,-0.00012655024044538887,0.024490570813820778,975487.0,78
2026-03-04,CVX,Energy,187.57,188.42,184.22,186.07,-0.007997014447939432,0.004531641520499008,-0.017859998933731358,0.022798827488871964,431240.0,78
2026-03-04,CW,Defense,703.99,713.68,694.71,713.07,0.012897910481683095,0.013764400062500792,-0.013182005426213395,0.02730635804868209,10693.0,45
2026-03-04,D,Utilities,62.59,62.935,61.825,62.59,0.0,0.005512062629813075,-0.012222399744368118,0.017953902143146072,189973.0,78
2026-03-04,DE,Industrials,619.5,622.0,613.19,614.13,-0.008668280871670708,0.004035512510088823,-0.010185633575463982,0.014367488054273458,64825.0,75
2026-03-04,DHR,Healthcare,204.47,206.64,203.1,204.755,0.0013938475081918256,0.010612803834303186,-0.006700249425343641,0.01742983751846383,189805.0,78
2026-03-04,DIS,Consumer,103.16,103.81,102.69,103.04,-0.0011632415664984963,0.0063008918185343266,-0.0045560294687863045,0.010906612133606108,344759.0,78
2026-03-04,DUK,Utilities,131.39,132.57,130.57,131.93,0.004109901819012274,0.00898089656747092,-0.006240962021462737,0.015317454239105466,210179.0,78
2026-03-04,DVN,Energy,43.53,43.96,42.7,43.475,-0.0012634964392372883,0.009878244888582577,-0.019067309901217522,0.02950819672131133,526649.0,78
2026-03-04,ELV,Healthcare,284.0,293.5,283.36,291.61,0.026795774647887294,0.03345070422535201,-0.0022535211267604716,0.03578486730660635,104294.0,77
2026-03-04,EMR,Industrials,146.655,147.55,144.01,145.19,-0.009989430977464187,0.006102758173945677,-0.01803552555316912,0.024581626275953283,110520.0,75
2026-03-04,ENPH,High Beta Growth,43.5,43.5,42.145,42.69,-0.018620689655172495,0.0,-0.031149425287356203,0.03215090758097028,98533.0,75
2026-03-04,EOG,Energy,125.29,128.06,124.26,127.94,0.021150929842764787,0.022108707797908744,-0.008220927448319926,0.030581039755351647,281358.0,78
2026-03-04,EQT,Energy,60.74,61.45,60.115,61.33,0.009713533091866955,0.01168916694106037,-0.010289759631215034,0.02220743574814943,493214.0,78
2026-03-04,ETN,Industrials,358.4,360.29,351.52,354.555,-0.010728236607142727,0.005273437500000089,-0.01919642857142856,0.024948793809740577,60689.0,76
2026-03-04,EXC,Utilities,48.94,49.39,48.53,49.25,0.0063342868818963005,0.00919493257049453,-0.008377605230894924,0.017720997321244658,509997.0,78
2026-03-04,FANG,Energy,174.22,177.22,172.87,176.81,0.014866261049248042,0.017219607392951364,-0.007748823326828136,0.025163417597038107,94559.0,66
2026-03-04,GD,Defense,364.5,366.15,359.63,366.15,0.004526748971193317,0.004526748971193317,-0.01336076817558296,0.018129744459583375,35495.0,73
2026-03-04,GE,Industrials,336.14,340.16,333.49,339.75,0.010739572797048957,0.011959302671506133,-0.007883619920271201,0.020000599718132506,109121.0,78
2026-03-04,GOOG,Technology,302.71,305.34,300.9,303.29,0.001916025238677399,0.008688183409864214,-0.005979320141389466,0.014755732801595256,292894.0,78
2026-03-04,GOOGL,Technology,302.77,305.45,300.805,303.1,0.001089936255243451,0.008851603527430196,-0.006490074974402904,0.015441897574840713,1017727.0,78
2026-03-04,GS,Financials,869.4,876.88,860.69,867.425,-0.0022716816195077483,0.008603634690591333,-0.010018403496664274,0.018810489258618057,34905.0,72
2026-03-04,HAL,Energy,34.95,35.33,34.08,34.43,-0.014878397711015845,0.010872675250357622,-0.02489270386266107,0.036678403755868505,1612290.0,78
2026-03-04,HD,Consumer,366.39,369.55,361.65,369.24,0.007778596577417529,0.008624689538470065,-0.012937034307704876,0.021844324623254696,106057.0,77
2026-03-04,HON,Industrials,244.99,247.24,239.35,246.03,0.004245071227396924,0.00918404832850328,-0.02302134781011478,0.032964278253603485,124120.0,78
2026-03-04,HUBB,Industrials,494.43,494.43,486.04,490.68,-0.007584491232328183,0.0,-0.0169690350504621,0.017261953748662684,19476.0,59
2026-03-04,HWM,Defense,259.52,260.61,256.19,260.06,0.002080764488286091,0.004200061652281262,-0.012831381011097376,0.01725282017252816,54304.0,66
2026-03-04,IBM,Technology,245.14,250.845,245.01,249.99,0.01978461287427602,0.02327241576242156,-0.000530309211063007,0.023815354475327677,179919.0,78
2026-03-04,INTC,Semiconductors,44.08,46.12,43.28,45.56,0.03357531760435584,0.04627949183303093,-0.01814882032667875,0.06561922365988893,3317729.0,78
2026-03-04,IREN,High Beta Growth,40.555,44.185,40.55,43.8,0.08001479472321527,0.08950807545308836,-0.00012328936012828695,0.08964241676942053,793093.0,78
2026-03-04,ISRG,Healthcare,496.5,505.045,494.2,501.25,0.009566968781470342,0.017210473313192365,-0.004632426988922522,0.021944556859571085,45446.0,76
2026-03-04,JCI,Industrials,140.9,141.48,139.43,140.04,-0.006103619588360587,0.0041163946061035794,-0.010432931156848846,0.014702718209854249,87551.0,71
2026-03-04,JNJ,Healthcare,245.625,246.525,243.47,245.26,-0.0014860050890586063,0.003664122137404524,-0.008773536895674283,0.012547747155707167,131583.0,78
2026-03-04,JPM,Financials,300.39,300.7,296.085,299.34,-0.003495455907320477,0.0010319917440659854,-0.01433136922001399,0.015586740294172285,156815.0,78
2026-03-04,KMI,Energy,33.7,34.01,33.47,33.91,0.0062314540059345,0.009198813056379596,-0.006824925816023897,0.016133851210038852,502796.0,78
2026-03-04,KO,Consumer,79.3,79.3,77.76,78.07,-0.015510718789407352,0.0,-0.01941992433795703,0.01980452674897104,959818.0,78
2026-03-04,LHX,Defense,368.875,369.065,361.87,368.655,-0.0005964079972891057,0.0005150796340223085,-0.018990172822771934,0.01988283085085807,32366.0,73
2026-03-04,LIN,Materials,502.4,503.225,497.335,499.06,-0.006648089171974458,0.0016421178343950515,-0.010081608280254728,0.011843123850121318,80910.0,78
2026-03-04,LLY,Healthcare,1013.73,1014.4,994.45,1003.995,-0.009603148767423297,0.0006609254929812458,-0.019018870902508533,0.020061340439438746,50270.0,75
2026-03-04,LMT,Defense,670.01,670.01,653.0,664.66,-0.007984955448426145,0.0,-0.025387680780883826,0.02604900459418058,65439.0,78
2026-03-04,LOW,Consumer,257.805,258.89,255.63,258.67,0.003355249122398707,0.004208607280696608,-0.008436609064990996,0.012752806791065163,79398.0,76
2026-03-04,LRCX,Semiconductors,221.845,225.035,219.08,222.97,0.005071108206180064,0.014379409046856972,-0.012463657057855682,0.027181851378491828,196227.0,78
2026-03-04,MA,Financials,524.07,525.93,520.425,523.02,-0.0020035491441984243,0.0035491441982939964,-0.006955177743431351,0.010577893068165478,122993.0,78
2026-03-04,MCD,Consumer,331.25,332.765,330.16,331.595,0.0010415094339624176,0.004573584905660288,-0.0032905660377358092,0.007890113884177152,65654.0,78
2026-03-04,MDT,Healthcare,96.65,96.68,95.445,95.58,-0.011070874288670485,0.0003103983445422731,-0.01246766683911027,0.012939389177013094,315439.0,78
2026-03-04,META,Technology,659.39,672.725,657.94,667.53,0.012344742868408698,0.02022323662779235,-0.0021990021080088296,0.022471653950208115,278865.0,78
2026-03-04,MPC,Energy,212.73,221.89,212.32,220.77,0.03779438725144568,0.04305927701781598,-0.0019273257180463244,0.045073474001507075,124768.0,77
2026-03-04,MRK,Healthcare,120.0,120.855,117.86,120.29,0.0024166666666667336,0.007125000000000048,-0.017833333333333368,0.025411505175632065,183767.0,78
2026-03-04,MS,Financials,167.98,169.15,166.585,167.54,-0.0026193594475533155,0.006965114894630364,-0.00830456006667446,0.015397544796950546,146039.0,74
2026-03-04,MSFT,Technology,401.35,410.97,400.63,405.0,0.009094306714837463,0.0239691042730783,-0.0017939454341597827,0.025809350273319653,898281.0,78
2026-03-04,MU,Semiconductors,393.39,407.825,387.79,400.73,0.018658328884821662,0.03669386613792924,-0.01423523729632159,0.05166456071585124,483613.0,78
2026-03-04,NEE,Utilities,92.63,93.09,91.645,92.66,0.00032386915686055673,0.004965993738529795,-0.010633703983590648,0.0157673631949371,336521.0,78
2026-03-04,NFLX,Consumer,97.12,99.75,96.99,98.61,0.015341845140032895,0.02707990115321257,-0.001338550247117043,0.028456541911537236,3766982.0,78
2026-03-04,NOC,Defense,757.445,758.18,737.75,753.83,-0.004772623754860095,0.0009703674854277811,-0.026001887925856115,0.027692307692307683,53838.0,70
2026-03-04,NOW,Technology,111.98,115.195,111.725,113.85,0.016699410609037235,0.028710484015002535,-0.002277192355777946,0.03105840232714252,611651.0,78
2026-03-04,NVDA,Semiconductors,180.37,184.695,180.07,182.97,0.014414813993457898,0.02397848866219432,-0.0016632477684759284,0.025684456044871462,4959143.0,78
2026-03-04,OKE,Energy,84.23,85.1,83.745,84.79,0.00664846254303697,0.010328861450789484,-0.005758043452451567,0.016180070451967232,128097.0,77
2026-03-04,ORCL,Technology,150.0,153.57,149.25,152.38,0.015866666666666696,0.023800000000000043,-0.0050000000000000044,0.028944723618090418,522147.0,78
2026-03-04,OXY,Energy,52.375,53.85,52.375,53.6,0.023389021479713668,0.028162291169451015,0.0,0.028162291169451015,463295.0,78
2026-03-04,PANW,Technology,156.06,160.295,154.85,158.57,0.01608355760604896,0.02713699859028562,-0.007753428168653098,0.03516306102680011,382572.0,78
2026-03-04,PCG,Utilities,18.965,19.0,18.83,18.87,-0.005009227524386928,0.001845504877405757,-0.007118375955707967,0.009028146574615148,869376.0,78
2026-03-04,PEG,Utilities,83.72,84.32,83.14,83.91,0.002269469660773904,0.007166746297180948,-0.006927854753941642,0.014192927592013405,100096.0,74
2026-03-04,PEP,Consumer,165.71,165.71,163.445,163.89,-0.01098304266489658,0.0,-0.013668456942852014,0.013857872678882943,123219.0,77
2026-03-04,PG,Consumer,159.44,159.61,157.33,158.235,-0.007557701956848906,0.0010662318113396907,-0.01323381836427484,0.01449183245407748,392680.0,78
2026-03-04,PLD,Real Estate,140.87,140.87,138.06,139.415,-0.01032867182508701,0.0,-0.01994746929793423,0.020353469506011912,101105.0,76
2026-03-04,PM,Consumer,177.07,179.275,175.96,179.095,0.011436155192861674,0.01245270232111606,-0.006268707290901787,0.018839508979313413,129526.0,77
2026-03-04,PSX,Energy,159.5,165.07,158.84,164.77,0.03304075235109716,0.03492163009404381,-0.004137931034482789,0.03922185847393589,163416.0,78
2026-03-04,PWR,Industrials,570.47,572.355,561.42,568.39,-0.003646116360194296,0.00330429295142598,-0.015864112047960566,0.01947739660147496,49529.0,74
2026-03-04,QCOM,Semiconductors,138.22,139.875,137.43,139.49,0.009188250614961646,0.011973665171465697,-0.005715525973086333,0.01779087535472601,300237.0,78
2026-03-04,REGN,Healthcare,766.81,791.46,765.28,787.55,0.027047117278074184,0.03214616397803893,-0.0019952791434644235,0.03420970102446175,40705.0,75
2026-03-04,RKLB,High Beta Growth,70.74,73.97,69.53,71.89,0.016256714729997235,0.04566016398077477,-0.01710489115069258,0.06385732777218456,239064.0,78
2026-03-04,ROK,Industrials,399.94,404.255,382.64,383.17,-0.041931289693453944,0.01078911836775509,-0.043256488473271015,0.056489128162241276,86115.0,77
2026-03-04,RTX,Defense,207.35,209.89,204.54,208.78,0.006896551724137945,0.01224981914637091,-0.01355196527610325,0.026156253055636958,218182.0,78
2026-03-04,SCHW,Financials,96.07,96.71,95.46,96.03,-0.00041636306859571537,0.006661809097533,-0.006349536796086186,0.013094489838675782,450179.0,78
2026-03-04,SLB,Energy,48.85,49.37,47.52,47.89,-0.01965199590583422,0.01064483111566017,-0.027226202661207788,0.038930976430976205,1035361.0,78
2026-03-04,SNPS,Technology,425.335,439.015,421.01,430.9,0.013083804530546583,0.032162883374281526,-0.010168455452760794,0.04276620507826423,116506.0,78
2026-03-04,SO,Utilities,97.275,98.055,96.61,97.63,0.003649447442816589,0.008018504240555169,-0.006836288871755358,0.014957043784287416,276732.0,78
2026-03-04,SPGI,Financials,443.495,450.045,442.01,445.58,0.004701293137464813,0.014769050383882654,-0.003348403025964286,0.018178321757426286,105383.0,78
2026-03-04,TDG,Defense,1326.99,1326.99,1305.815,1314.78,-0.009201275066127113,0.0,-0.01595716621828347,0.01621592645206249,13819.0,75
2026-03-04,TGT,Consumer,125.3,125.97,119.885,120.05,-0.04189944134078216,0.005347166799680725,-0.04321628092577812,0.05075697543479163,344775.0,78
2026-03-04,TMO,Healthcare,510.6,517.455,508.95,513.16,0.0050137093615354456,0.01342538190364273,-0.003231492361927213,0.01671087533156501,91540.0,78
2026-03-04,TSLA,Consumer,397.845,408.32,394.63,405.96,0.02039739094370918,0.026329349369729416,-0.008081036584599577,0.0346907229556801,865347.0,78
2026-03-04,TXN,Semiconductors,204.34,205.18,201.505,202.36,-0.00968973279827734,0.004110795732602535,-0.013873935597533582,0.01823776084960671,189131.0,78
2026-03-04,UBER,Consumer,75.87,77.015,75.055,76.665,0.010478449980229287,0.015091604059575436,-0.01074205878476342,0.026114182932515995,741206.0,78
2026-03-04,UNH,Healthcare,289.55,294.2,287.73,291.77,0.007667069590744147,0.016059402521153343,-0.006285615610429951,0.022486358739095547,151444.0,78
2026-03-04,V,Financials,320.82,325.71,319.91,320.4,-0.0013091453151300447,0.015242191883299006,-0.0028364815161148194,0.018130099090369,184001.0,78
2026-03-04,VLO,Energy,216.92,225.96,216.54,225.62,0.040106951871657914,0.041674349990780124,-0.001751797897842522,0.04350235522305357,189081.0,77
2026-03-04,VRT,Industrials,249.025,255.11,245.59,251.26,0.00897500250978811,0.024435297660877486,-0.013793795803634157,0.0387637933140601,163835.0,75
2026-03-04,VRTX,Healthcare,475.77,480.425,471.37,477.88,0.004434916030855218,0.009784139395085933,-0.009248166130693347,0.019209962449880047,47939.0,75
2026-03-04,VST,Utilities,161.95,164.18,160.62,163.44,0.009200370484717668,0.013769682000617678,-0.008212411238036288,0.022164114058025097,225371.0,78
2026-03-04,VZ,Communications,50.5,51.405,50.155,51.19,0.013663366336633676,0.017920792079207937,-0.006831683168316838,0.02492273950752666,1483836.0,78
2026-03-04,WMB,Energy,75.52,75.9,74.735,75.76,0.0031779661016950733,0.005031779661017088,-0.010394597457627053,0.015588412390446393,281485.0,78
2026-03-04,WMT,Consumer,127.14,128.045,126.29,127.72,0.004561900267421759,0.007118137486235465,-0.006685543495359436,0.013896587219890622,569092.0,78
2026-03-04,XEL,Utilities,82.48,83.57,82.015,83.04,0.00678952473326877,0.013215324927254857,-0.005637730358874937,0.01895994635127707,199444.0,78
2026-03-04,XOM,Energy,150.68,151.07,147.91,149.87,-0.005375630475179194,0.002588266525086258,-0.018383328908946228,0.02136434318166458,967834.0,78
2026-03-05,AAPL,Other,260.96,261.52,257.25,260.25,-0.002720723482525944,0.0021459227467810482,-0.01421673819742486,0.016598639455782216,1158084.0,78
2026-03-05,ABBV,Healthcare,233.45,233.82,228.09,232.32,-0.004840436924394953,0.0015849218248018548,-0.02295994859712991,0.025121662501643938,328314.0,78
2026-03-05,ABT,Healthcare,111.57,111.91,110.545,110.945,-0.0056018643004391855,0.0030474141794389897,-0.009187057452720193,0.012347912614772305,395369.0,78
2026-03-05,ADBE,Technology,275.785,285.24,275.785,281.695,0.021429736932755405,0.03428395307939147,0.0,0.03428395307939147,197549.0,78
2026-03-05,ADI,Semiconductors,338.325,339.79,325.35,329.715,-0.02544890268233213,0.004330155915170497,-0.03835069829306126,0.04438297218380205,230266.0,77
2026-03-05,AEP,Utilities,132.62,132.86,130.36,132.02,-0.004524204494043116,0.001809681797617424,-0.01704117026089569,0.019177661859466122,276130.0,78
2026-03-05,AMAT,Semiconductors,351.035,354.135,336.515,346.375,-0.013275029555457452,0.00883102824504678,-0.04136339681228374,0.05236022168402599,156778.0,78
2026-03-05,AMD,Semiconductors,197.65,203.7,194.93,199.43,0.009005818365798168,0.03060966354667327,-0.013761699974702779,0.04499050941363558,968168.0,78
2026-03-05,AMGN,Healthcare,374.02,375.98,361.49,367.56,-0.01727180364686376,0.005240361477995892,-0.03350088230575898,0.040084096378876444,132038.0,78
2026-03-05,AMZN,Technology,216.14,220.47,215.65,218.87,0.012630702322568688,0.020033311742389204,-0.0022670491348198984,0.022351031764433094,3193898.0,78
2026-03-05,AVGO,Semiconductors,329.66,336.06,323.05,332.68,0.009160953709882902,0.01941394163683796,-0.020050961596796757,0.04027240365268536,1360494.0,78
2026-03-05,BA,Aerospace,225.995,227.65,218.22,222.09,-0.017279143343879255,0.007323170866612161,-0.03440341600477892,0.04321327101090655,245637.0,78
2026-03-05,BAC,Financials,49.86,50.41,49.33,49.78,-0.0016044925792217946,0.011030886482150004,-0.010629763337344555,0.021893371173727916,2527573.0,78
2026-03-05,BKNG,Consumer,4511.1,4629.165,4508.67,4614.5,0.022921238722262816,0.026172108798297344,-0.0005386712775155011,0.02672517616059733,78235.0,78
2026-03-05,BLK,Financials,1039.19,1046.46,1022.495,1034.16,-0.00484030831705462,0.006995833293238052,-0.016065397088116717,0.023437767421845557,26690.0,78
2026-03-05,BRK.B,Financials,494.37,500.77,492.625,499.99,0.011368003721908604,0.012945769363027715,-0.0035297449278880455,0.016533874651103675,195174.0,77
2026-03-05,CARR,Industrials,60.785,61.42,59.62,60.395,-0.006416056592909336,0.010446656247429464,-0.01916591264292178,0.030191211003019136,289753.0,78
2026-03-05,CAT,Industrials,720.93,727.56,694.0,705.93,-0.02080645832466399,0.009196454579501578,-0.037354528178879964,0.04835734870316988,199246.0,78
2026-03-05,CDNS,Technology,303.0,311.0,297.6,299.82,-0.010495049504950504,0.0264026402640265,-0.017821782178217727,0.04502688172043001,228447.0,78
2026-03-05,CEG,Utilities,319.95,332.28,319.95,332.22,0.03834974214721054,0.03853727144866381,0.0,0.03853727144866381,107404.0,78
2026-03-05,CI,Healthcare,281.255,282.49,279.36,281.24,-5.3332385201998456e-05,0.004391033048301463,-0.00673765799719106,0.011204180985108891,43707.0,72
2026-03-05,COP,Energy,117.035,118.505,115.84,116.835,-0.001708890502841065,0.012560345195881562,-0.010210620754475097,0.023005870165745845,404122.0,78
2026-03-05,COST,Consumer,993.475,998.865,979.16,981.765,-0.011786909585042471,0.005425400739827335,-0.01440901884798318,0.020124392336288377,62917.0,78
2026-03-05,CRM,Technology,194.635,204.315,194.635,201.39,0.03470598813163095,0.04973411770750391,0.0,0.04973411770750391,744412.0,78
2026-03-05,CSCO,Technology,79.99,81.165,79.055,79.985,-6.250781347660883e-05,0.014689336167021061,-0.01168896112013984,0.026690278919739407,1512294.0,78
2026-03-05,CVX,Energy,186.49,189.94,186.49,189.85,0.018017051852646127,0.01849965145584198,0.0,0.01849965145584198,448846.0,78
2026-03-05,CW,Defense,703.64,704.485,667.46,678.28,-0.036041157410039215,0.001200898186572763,-0.051418338923312934,0.05547148892817533,11448.0,49
2026-03-05,D,Utilities,62.2,63.105,62.06,62.96,0.01221864951768481,0.014549839228295669,-0.0022508038585209444,0.01683854334514967,302497.0,78
2026-03-05,DE,Industrials,608.6,610.33,586.37,590.4,-0.02990469930989159,0.002842589549786334,-0.03652645415708189,0.04086157204495455,112240.0,78
2026-03-05,DHR,Healthcare,202.94,204.63,199.75,201.92,-0.005026116093426625,0.008327584507736185,-0.01571893170395189,0.0244305381727159,208924.0,77
2026-03-05,DIS,Consumer,103.13,104.49,101.605,102.385,-0.007223892174924806,0.01318723940657418,-0.014787161834577622,0.0283942719354362,531882.0,78
2026-03-05,DUK,Utilities,131.54,131.72,129.635,131.62,0.0006081800212864863,0.00136840504789415,-0.014482286756880014,0.01608361939291103,170369.0,78
2026-03-05,DVN,Energy,44.18,44.88,44.09,44.505,0.007356269805341764,0.015844273426889988,-0.002037120869171516,0.0179178952143344,894887.0,78
2026-03-05,ELV,Healthcare,288.945,294.72,283.24,286.37,-0.008911730606170676,0.019986502621606395,-0.01974424198376845,0.04053099844654717,97856.0,78
2026-03-05,EMR,Industrials,143.245,144.32,140.65,142.225,-0.007120667388041513,0.007504624943278859,-0.01811581556075259,0.026093138997511423,129908.0,76
2026-03-05,ENPH,High Beta Growth,42.125,42.63,40.46,41.135,-0.023501483679525315,0.011988130563798327,-0.03952522255192881,0.05363321799307963,227736.0,78
2026-03-05,EOG,Energy,128.975,131.88,128.975,131.01,0.01577825159914714,0.022523744911804533,0.0,0.022523744911804533,427057.0,76
2026-03-05,EQT,Energy,61.29,62.355,61.01,61.67,0.00620003263175084,0.017376407244248604,-0.004568445097079432,0.0220455663006065,465582.0,78
2026-03-05,ETN,Industrials,350.58,356.295,345.95,354.62,0.011523760625249624,0.016301557419134083,-0.013206686063095385,0.029903165197282977,82662.0,78
2026-03-05,EXC,Utilities,48.885,48.895,48.035,48.77,-0.0023524598547610687,0.00020456172650118454,-0.01738774675258259,0.017903611949620313,869657.0,78
2026-03-05,FANG,Energy,177.47,179.58,176.55,178.97,0.008452132754831698,0.011889333408463543,-0.0051839747562967275,0.01716227697536099,195675.0,76
2026-03-05,GD,Defense,364.23,365.3,354.955,360.72,-0.00963676797627866,0.002937704197896851,-0.025464678911676808,0.029144539448662687,65849.0,77
2026-03-05,GE,Industrials,338.3,341.47,320.87,327.0,-0.03340230564587643,0.009370381318356547,-0.051522317469701484,0.06420045501293359,199149.0,78
2026-03-05,GOOG,Technology,303.09,303.09,298.14,300.93,-0.007126596060575974,0.0,-0.01633178263882007,0.01660293821694503,275318.0,78
2026-03-05,GOOGL,Technology,303.035,303.035,298.01,300.91,-0.00701239130793474,0.0,-0.01658224297523403,0.01686185027348097,1504204.0,78
2026-03-05,GS,Financials,861.69,866.18,822.36,835.3,-0.03062586312943183,0.0052106906195963365,-0.0456428646032796,0.053285665645216085,82147.0,78
2026-03-05,HAL,Energy,34.38,34.52,33.52,34.16,-0.006399069226294518,0.004072134962187279,-0.025014543339150652,0.029832935560859086,1309615.0,78
2026-03-05,HD,Consumer,365.4,366.635,359.245,361.6,-0.010399562123699968,0.003379857690202659,-0.016844553913519356,0.020570919567426182,89885.0,78
2026-03-05,HON,Industrials,243.735,243.735,236.07,238.33,-0.02217572363427489,0.0,-0.031448089113176314,0.032469182869487856,145781.0,78
2026-03-05,HUBB,Industrials,483.655,488.93,474.16,476.47,-0.014855630563107902,0.01090653461661728,-0.019631762309910927,0.03114982284460943,63471.0,72
2026-03-05,HWM,Defense,258.3,259.45,249.16,252.16,-0.02377080913666285,0.004452187379016648,-0.035385210994967164,0.04129876384652431,261718.0,78
2026-03-05,IBM,Technology,249.375,260.24,249.375,256.67,0.029253132832080198,0.04356892230576448,0.0,0.04356892230576448,347554.0,78
2026-03-05,INTC,Semiconductors,44.87,46.47,44.715,45.94,0.023846668152440298,0.03565856919991095,-0.003454423891241176,0.03924857430392481,2548351.0,78
2026-03-05,IREN,High Beta Growth,41.17,41.86,38.78,40.12,-0.02550400777265005,0.016759776536312776,-0.05805197959679376,0.07942238267148016,975256.0,78
2026-03-05,ISRG,Healthcare,496.59,502.045,488.9,496.685,0.00019130469804062855,0.010984917134859717,-0.015485611872973704,0.026886888934342545,48074.0,75
2026-03-05,JCI,Industrials,139.05,139.09,134.12,137.1,-0.014023732470334505,0.00028766630708365604,-0.035454872348076316,0.03705636743215024,91037.0,78
2026-03-05,JNJ,Healthcare,242.24,243.0,236.01,239.62,-0.010815719947159907,0.0031373844121531658,-0.025718295904887833,0.02961738909368261,243562.0,78
2026-03-05,JPM,Financials,297.85,301.07,292.48,293.46,-0.014738962565049696,0.0108108108108107,-0.018029209333557228,0.02936952954048122,338972.0,78
2026-03-05,KMI,Energy,33.89,34.075,33.285,33.39,-0.014753614635585666,0.0054588374151667285,-0.01785187370905883,0.023734414901607437,1057407.0,78
2026-03-05,KO,Consumer,77.53,77.65,76.5,77.0,-0.0068360634593060965,0.00154778795305055,-0.013285179930349611,0.01503267973856226,1215856.0,78
2026-03-05,LHX,Defense,365.27,366.6,357.855,360.22,-0.013825389437949864,0.0036411421688067325,-0.020300052016316572,0.024437272079473438,31759.0,68
2026-03-05,LIN,Materials,495.78,497.15,488.76,489.97,-0.011718907579974847,0.0027633224414054247,-0.014159506232603092,0.017165889188967887,104677.0,78
2026-03-05,LLY,Healthcare,990.51,993.56,965.735,982.32,-0.008268467759033116,0.0030792218150246242,-0.025012367366306187,0.028812251808208122,147412.0,78
2026-03-05,LMT,Defense,660.46,660.7,647.77,655.09,-0.008130696787087777,0.00036338309662964363,-0.019213881234291352,0.01996078855149208,39865.0,69
2026-03-05,LOW,Consumer,255.5,257.01,252.71,254.66,-0.0032876712328767654,0.005909980430528261,-0.010919765166340523,0.017015551422579156,76954.0,78
2026-03-05,LRCX,Semiconductors,218.53,222.22,208.17,214.72,-0.017434677161030532,0.016885553470919357,-0.047407678579600154,0.06749291444492478,403777.0,78
2026-03-05,MA,Financials,520.75,525.14,512.88,524.55,0.007297167546807426,0.008430148823811878,-0.015112818050888155,0.02390422710965523,143014.0,78
2026-03-05,MCD,Consumer,329.21,330.71,324.155,327.355,-0.0056347012545182595,0.004556362200419217,-0.015354940615412649,0.020221807468649322,87868.0,78
2026-03-05,MDT,Healthcare,94.75,94.81,92.33,92.99,-0.01857519788918216,0.0006332453825856899,-0.025540897097625304,0.02686017545759789,406372.0,78
2026-03-05,META,Technology,662.53,670.55,650.39,660.64,-0.0028527010097655348,0.01210511222133337,-0.018323698549499667,0.030996786543458388,368081.0,78
2026-03-05,MPC,Energy,225.01,228.23,214.2,217.47,-0.03350962179458683,0.014310475089996055,-0.04804230923070085,0.06549953314659196,171993.0,77
2026-03-05,MRK,Healthcare,119.35,119.35,114.51,116.07,-0.027482195224130757,0.0,-0.04055299539170498,0.04226705091258398,407055.0,78
2026-03-05,MS,Financials,165.52,167.8,160.55,162.53,-0.018064282261962328,0.01377477042049291,-0.030026582890285147,0.045157271877919625,191015.0,77
2026-03-05,MSFT,Technology,404.55,411.575,404.535,410.66,0.015103201087628193,0.01736497342726473,-3.707823507592689e-05,0.01740269692362828,942158.0,78
2026-03-05,MU,Semiconductors,399.07,404.0,380.465,396.945,-0.005324880346806338,0.01235372240459065,-0.046620893577567935,0.06185851523793251,467205.0,78
2026-03-05,NEE,Utilities,92.205,92.38,89.93,91.11,-0.011875711729298799,0.0018979447969198482,-0.024673282359958693,0.02724341154231058,478626.0,78
2026-03-05,NFLX,Consumer,98.475,100.18,98.11,99.14,0.006752982990606782,0.017314039096217426,-0.003706524498603647,0.021098766690449633,3237195.0,78
2026-03-05,NOC,Defense,749.25,749.91,735.55,739.53,-0.012972972972973063,0.0008808808808808966,-0.018284951618285028,0.019522806063489995,25875.0,63
2026-03-05,NOW,Technology,114.255,122.07,114.165,120.43,0.05404577480197803,0.06839963240120772,-0.0007877116975185672,0.06924188674287213,941844.0,78
2026-03-05,NVDA,Semiconductors,181.22,184.06,177.92,183.305,0.011505352610087227,0.01567155943052656,-0.018209910605893498,0.03450989208633093,5436493.0,78
2026-03-05,OKE,Energy,84.57,86.795,84.57,85.62,0.012415750266052017,0.026309566039967036,0.0,0.026309566039967036,216293.0,77
2026-03-05,ORCL,Technology,153.49,157.9,150.18,154.785,0.008437031728451228,0.02873151345364522,-0.021564922796273422,0.0514049806898389,429753.0,78
2026-03-05,OXY,Energy,53.97,54.56,53.17,53.24,-0.013526032981285852,0.010931999258847469,-0.014823049842505043,0.02614256159488426,484414.0,78
2026-03-05,PANW,Technology,158.7,164.64,158.7,163.08,0.027599243856332834,0.037429111531190884,0.0,0.037429111531190884,275343.0,78
2026-03-05,PCG,Utilities,18.635,18.635,17.98,18.11,-0.0281727931312048,0.0,-0.035148913335122156,0.03642936596218016,1773880.0,78
2026-03-05,PEG,Utilities,83.35,84.24,83.0,83.89,0.006478704259148316,0.010677864427114603,-0.004199160167966287,0.014939759036144418,101947.0,74
2026-03-05,PEP,Consumer,162.395,163.375,160.185,160.71,-0.010375935219680388,0.0060346685550662915,-0.013608793374180306,0.019914473889565132,169789.0,78
2026-03-05,PG,Consumer,156.935,157.1,153.775,153.86,-0.019594099467932558,0.0010513907031572955,-0.02013572498168026,0.021622500406437872,523775.0,78
2026-03-05,PLD,Real Estate,138.06,138.06,136.27,137.85,-0.0015210777922642915,0.0,-0.012965377372156972,0.01313568650473318,137776.0,77
2026-03-05,PM,Consumer,176.43,176.72,168.1,169.66,-0.03837215892988721,0.0016437113869522957,-0.04721419259763082,0.051279000594883994,321589.0,78
2026-03-05,PSX,Energy,167.92,169.6,164.38,166.465,-0.008664840400190443,0.010004764173416003,-0.021081467365412054,0.03175568803990747,320599.0,78
2026-03-05,PWR,Industrials,560.38,562.24,535.07,549.11,-0.02011135301045719,0.003319176273243185,-0.04516578036332475,0.050778402825798485,59491.0,77
2026-03-05,QCOM,Semiconductors,137.93,139.65,135.81,137.05,-0.006380047850358839,0.012470093525701387,-0.015370115275864626,0.028274795670421904,161004.0,78
2026-03-05,REGN,Healthcare,780.08,780.87,760.92,765.14,-0.01915188185827099,0.0010127166444466873,-0.02456158342734094,0.026218262103769208,32376.0,76
2026-03-05,RKLB,High Beta Growth,70.92,72.24,67.37,70.0,-0.012972363226170347,0.018612521150592087,-0.05005640157924418,0.0722873682648062,212885.0,78
2026-03-05,ROK,Industrials,377.19,386.415,375.71,378.18,0.002624671916010568,0.024457170126461536,-0.003923751955248078,0.02849272044928286,69171.0,76
2026-03-05,RTX,Defense,208.445,209.91,200.335,203.89,-0.021852287174074725,0.007028232867183126,-0.03890714576986731,0.04779494346968827,208324.0,77
2026-03-05,SCHW,Financials,95.51,96.79,94.17,95.37,-0.001465815097895562,0.0134017380379019,-0.014029944508428427,0.027822023999150458,664919.0,78
2026-03-05,SLB,Energy,47.98,48.0,46.61,47.39,-0.012296790329303753,0.00041684035014588616,-0.028553563984993646,0.02982192662518779,1750418.0,78
2026-03-05,SNPS,Technology,428.49,447.42,427.545,442.33,0.03229947023267754,0.04417839389484013,-0.002205419029615574,0.046486334771778326,193911.0,78
2026-03-05,SO,Utilities,97.4,97.66,95.93,97.165,-0.0024127310061601293,0.0026694045174537884,-0.015092402464065735,0.018033983112686336,297595.0,78
2026-03-05,SPGI,Financials,443.23,451.6,442.975,451.08,0.017710895020643935,0.018884100805451,-0.0005753220675496218,0.019470624753089805,186586.0,78
2026-03-05,TDG,Defense,1310.43,1310.43,1280.405,1294.3,-0.012308936761215916,0.0,-0.022912326488252033,0.023449611646315205,9906.0,68
2026-03-05,TGT,Consumer,119.75,120.75,118.09,120.33,0.004843423799582469,0.008350730688935215,-0.013862212943632546,0.022525192649673897,193220.0,78
2026-03-05,TMO,Healthcare,504.025,520.44,503.08,518.88,0.02947274440751957,0.03256782897673749,-0.0018749069986607747,0.03450743420529556,112984.0,78
2026-03-05,TSLA,Consumer,401.57,408.61,399.58,405.59,0.01001070797121284,0.017531190078940107,-0.004955549468336762,0.022598728665098378,562322.0,78
2026-03-05,TXN,Semiconductors,200.93,201.91,194.98,198.02,-0.014482655651221754,0.004877320459861556,-0.02961230279201721,0.035542106882757274,325565.0,78
2026-03-05,UBER,Consumer,76.59,78.22,75.135,75.425,-0.015210863036950073,0.021282151716934372,-0.01899725812769293,0.04105942636587456,968632.0,78
2026-03-05,UNH,Healthcare,290.12,291.3,286.74,288.63,-0.005135805873431765,0.004067282503791514,-0.011650351578657125,0.015902908558275808,155806.0,78
2026-03-05,V,Financials,319.15,322.69,314.91,319.4,0.0007833307222309127,0.011091963026790053,-0.013285289049036364,0.02470547140452828,253717.0,78
2026-03-05,VLO,Energy,231.38,232.7,223.45,228.01,-0.014564785201832464,0.005704901028610987,-0.034272625118852096,0.04139628552248831,358490.0,78
2026-03-05,VRT,Industrials,247.14,258.1,238.86,249.66,0.010196649672250535,0.04434733349518516,-0.03350327749453741,0.08054927572636705,322730.0,78
2026-03-05,VRTX,Healthcare,475.935,476.61,457.095,460.92,-0.031548425730404284,0.0014182608969712795,-0.03958523747990794,0.04269353197912906,35498.0,76
2026-03-05,VST,Utilities,162.255,167.95,162.255,167.4,0.03170934639918643,0.03509907244769028,0.0,0.03509907244769028,202166.0,77
2026-03-05,VZ,Communications,50.915,51.31,50.35,51.16,0.0048119414710792174,0.007758028086025881,-0.011096926249631656,0.01906653426017879,1705513.0,78
2026-03-05,WMB,Energy,74.98,75.66,74.18,74.75,-0.0030674846625767804,0.00906908508935711,-0.010669511869831894,0.01995146939875969,361758.0,78
2026-03-05,WMT,Consumer,125.38,125.665,121.68,123.32,-0.016430052639974546,0.0022730898069869276,-0.029510288722284117,0.03274983563445111,854251.0,78
2026-03-05,XEL,Utilities,83.02,83.02,81.74,82.405,-0.007407853529269981,0.0,-0.015417971573114975,0.01565940787863962,194723.0,78
2026-03-05,XOM,Energy,151.39,152.27,149.515,150.76,-0.004161437347248831,0.005812801373935139,-0.01238523020014537,0.01842624485837563,1168096.0,78
2026-03-06,AAPL,Other,258.76,258.77,254.46,257.42,-0.0051785438243932,3.864584943569227e-05,-0.016617715257381316,0.01693782912835018,1320346.0,78
2026-03-06,ABBV,Healthcare,231.535,231.535,226.86,230.065,-0.006348932126892248,0.0,-0.020191331764096043,0.020607423080313714,241363.0,77
2026-03-06,ABT,Healthcare,110.72,110.72,108.36,108.995,-0.015579841040462394,0.0,-0.02131502890173409,0.021779254337393805,431969.0,78
2026-03-06,ADBE,Technology,280.45,283.69,276.27,283.63,0.011338919593510521,0.011552861472633236,-0.014904617578891055,0.026857784051833367,142962.0,78
2026-03-06,ADI,Semiconductors,320.35,323.18,314.33,315.74,-0.014390510379272747,0.008834087716560024,-0.01879194630872494,0.02815512359622052,193826.0,75
2026-03-06,AEP,Utilities,130.44,132.62,130.215,131.87,0.010962894817540647,0.016712664826740387,-0.001724931002759833,0.018469454363936544,174969.0,76
2026-03-06,AMAT,Semiconductors,329.52,341.03,321.79,324.71,-0.014596989560572982,0.0349295945617869,-0.023458363680504912,0.05979054662978944,304091.0,78
2026-03-06,AMD,Semiconductors,195.03,200.1,191.32,192.42,-0.013382556529764722,0.02599600061528995,-0.019022714454186573,0.045891699770018723,816011.0,78
2026-03-06,AMGN,Healthcare,363.565,369.675,362.165,369.48,0.016269442878164897,0.01680579813788463,-0.0038507557108081736,0.0207364046774261,143779.0,78
2026-03-06,AMZN,Technology,215.105,217.28,212.53,213.08,-0.009414007112805267,0.010111340973013139,-0.011970897933567315,0.02234978591257697,2181602.0,78
2026-03-06,AVGO,Semiconductors,328.18,343.45,327.66,330.48,0.007008349076726317,0.04652934365287331,-0.0015844963129989509,0.04819019715558803,1047443.0,78
2026-03-06,BA,Aerospace,218.75,231.88,218.75,231.06,0.05627428571428572,0.060022857142857156,0.0,0.060022857142857156,483177.0,78
2026-03-06,BAC,Financials,48.55,48.7,47.625,48.61,0.0012358393408857804,0.00308959835221434,-0.01905252317198758,0.02257217847769044,2254464.0,78
2026-03-06,BKNG,Consumer,4518.0,4583.95,4454.265,4552.29,0.007589641434262884,0.01459716688800361,-0.014106905710491335,0.029114792227224795,33670.0,78
2026-03-06,BLK,Financials,992.48,992.6,948.86,955.3,-0.03746171207480253,0.00012090923746566062,-0.04395050781879739,0.04609742216976165,87700.0,78
2026-03-06,BRK.B,Financials,499.14,500.0,491.97,498.95,-0.00038065472612891504,0.0017229634972153463,-0.014364707296550039,0.016322133463422484,109473.0,78
2026-03-06,CARR,Industrials,59.09,59.09,57.68,58.345,-0.012607886275173508,0.0,-0.023861905567778008,0.024445214979195606,368609.0,78
2026-03-06,CAT,Industrials,681.73,695.28,676.04,680.51,-0.001789564783712061,0.019875903950244078,-0.008346412802722525,0.02845985444648247,91875.0,74
2026-03-06,CDNS,Technology,295.18,302.015,295.18,296.97,0.006064096483501702,0.023155362829459847,0.0,0.023155362829459847,107959.0,78
2026-03-06,CEG,Utilities,326.8,330.95,317.695,319.06,-0.023684210526315863,0.012698898408812553,-0.027861077111383192,0.041722406710839044,133037.0,78
2026-03-06,CI,Healthcare,280.03,280.3,267.95,271.67,-0.029853944220261996,0.0009641824090278472,-0.04313823518908688,0.04609068856129883,120603.0,78
2026-03-06,COP,Energy,118.65,119.455,116.61,117.06,-0.013400758533501977,0.006784660766961492,-0.017193426042983573,0.024397564531343896,487508.0,78
2026-03-06,COST,Consumer,967.005,1002.27,963.78,998.31,0.03237315215536629,0.0364682705880528,-0.0033350396326803367,0.039936500031127364,69308.0,78
2026-03-06,CRM,Technology,201.655,202.85,197.41,202.085,0.0021323547643252727,0.005925962658996697,-0.02105080459200126,0.027556861354541384,413385.0,78
2026-03-06,CSCO,Technology,78.745,79.515,78.355,78.64,-0.0013334179947933622,0.009778398628484286,-0.004952695409232377,0.014804415799885007,1157186.0,78
2026-03-06,CVX,Energy,190.74,192.41,188.16,189.88,-0.004508755373807349,0.008755373807276756,-0.013526266121421937,0.02258715986394555,433952.0,78
2026-03-06,CW,Defense,667.83,684.16,665.695,681.305,0.02017729062785434,0.024452330682958046,-0.003196921372205508,0.027737928030103776,10508.0,46
2026-03-06,D,Utilities,62.69,63.36,62.055,63.26,0.009092359227947044,0.010687509969692144,-0.01012920721008137,0.021029731689630182,139397.0,78
2026-03-06,DE,Industrials,584.68,589.77,578.755,589.755,0.008679961688444982,0.008705616747622713,-0.010133748375179552,0.01903223298286827,66046.0,75
2026-03-06,DHR,Healthcare,198.915,199.48,195.35,195.73,-0.016011864364175676,0.0028404092200184916,-0.01792222808737398,0.021141540824161753,180400.0,78
2026-03-06,DIS,Consumer,101.39,101.685,99.98,101.54,0.0014794358417991038,0.0029095571555379784,-0.013906696912910466,0.017053410682136505,394374.0,78
2026-03-06,DUK,Utilities,131.41,132.62,130.23,132.5,0.008294650331025055,0.009207822844532476,-0.008979529716155565,0.018352146202871955,140330.0,78
2026-03-06,DVN,Energy,45.115,45.465,44.19,44.47,-0.014296797074143885,0.007757951900698279,-0.02050315859470253,0.02885268160217258,765246.0,78
2026-03-06,ELV,Healthcare,286.56,289.87,282.055,289.65,0.010783082077051809,0.011550809603573464,-0.01572096594081518,0.027707362039318673,123515.0,78
2026-03-06,EMR,Industrials,139.15,139.535,137.98,138.38,-0.005533596837944743,0.002766798418972316,-0.008408192597916031,0.011269749239020133,94268.0,70
2026-03-06,ENPH,High Beta Growth,40.07,41.34,39.61,40.24,0.004242575492887424,0.0316945345645121,-0.011479910157224826,0.043675839434486274,187415.0,77
2026-03-06,EOG,Energy,132.5,134.0,130.8,131.49,-0.007622641509433925,0.01132075471698113,-0.012830188679245236,0.024464831804281273,389486.0,78
2026-03-06,EQT,Energy,62.27,62.95,61.72,61.99,-0.004496547294042141,0.01092018628553082,-0.008832503613297016,0.019928710304601527,398537.0,78
2026-03-06,ETN,Industrials,346.18,353.83,340.85,347.78,0.004621873014038824,0.022098330348373718,-0.015396614478017212,0.03808126741968598,123047.0,78
2026-03-06,EXC,Utilities,48.5,49.44,48.355,49.36,0.01773195876288658,0.01938144329896896,-0.0029896907216495627,0.022438217350842837,1061864.0,78
2026-03-06,FANG,Energy,181.69,182.89,179.49,180.52,-0.006439539875612188,0.006604656282679144,-0.012108536518245283,0.018942559474065312,221506.0,75
2026-03-06,GD,Defense,360.905,364.26,354.8,363.42,0.006968592842992116,0.00929607514442865,-0.01691580886936994,0.026662908680946895,34306.0,76
2026-03-06,GE,Industrials,323.67,324.425,317.72,323.155,-0.0015911267649150185,0.002332622733030476,-0.01838292087620108,0.021103487347349903,191445.0,78
2026-03-06,GOOG,Technology,295.59,300.27,295.25,298.225,0.00891437464054956,0.01583274129706691,-0.0011502418891030652,0.01700254022015235,249384.0,78
2026-03-06,GOOGL,Technology,296.04,300.495,295.29,298.55,0.008478583975138454,0.015048642075395247,-0.0025334414268342043,0.01762673981509688,588015.0,78
2026-03-06,GS,Financials,811.545,826.485,801.68,820.84,0.011453462223290245,0.018409330351366826,-0.012155826232679634,0.030941273326015484,55647.0,77
2026-03-06,HAL,Energy,34.455,34.48,33.705,34.05,-0.011754462342185468,0.0007255840951965187,-0.021767522855899002,0.022993621124462127,1442471.0,78
2026-03-06,HD,Consumer,357.31,359.26,353.28,357.98,0.0018751224426969415,0.0054574459153116095,-0.011278721558310778,0.01692708333333348,124652.0,78
2026-03-06,HON,Industrials,235.38,236.775,234.25,235.29,-0.000382360438439977,0.005926586795819588,-0.004800747727079613,0.01077908217716117,68887.0,74
2026-03-06,HUBB,Industrials,463.08,480.425,461.82,471.83,0.018895223287552998,0.03745573119115497,-0.0027209121534076397,0.04028625871551683,43275.0,75
2026-03-06,HWM,Defense,248.95,252.93,246.73,250.33,0.005543281783490839,0.015987146013255682,-0.008917453303876277,0.025128683175941413,84912.0,77
2026-03-06,IBM,Technology,256.3,259.325,252.75,258.81,0.009793211080764586,0.011802575107296098,-0.013850955911041796,0.02601384767556869,199845.0,78
2026-03-06,INTC,Semiconductors,44.685,45.18,43.28,43.43,-0.02808548729998883,0.011077542799597051,-0.0314423184513819,0.043900184842883494,2816424.0,78
2026-03-06,IREN,High Beta Growth,38.95,39.85,36.68,36.7,-0.05776636713735561,0.02310654685494229,-0.05827984595635438,0.08642311886586707,762022.0,78
2026-03-06,ISRG,Healthcare,489.715,491.07,478.5,490.2,0.000990371951032687,0.002766915450823415,-0.022901075115117964,0.02626959247648908,57058.0,78
2026-03-06,JCI,Industrials,134.93,134.93,131.86,132.4,-0.01875046320314233,0.0,-0.02275253835322011,0.023282269073259476,181139.0,78
2026-03-06,JNJ,Healthcare,238.46,240.785,235.54,240.48,0.008471022393692795,0.009750062903631562,-0.012245240291872905,0.022267979960940876,276662.0,78
2026-03-06,JPM,Financials,285.9,289.85,283.71,289.39,0.012207065407485063,0.013816019587268524,-0.007660020986358873,0.021641817348701187,271823.0,78
2026-03-06,KMI,Energy,33.49,33.66,33.235,33.57,0.0023887727679903215,0.0050761421319796,-0.0076142131979696215,0.012787723785166127,835041.0,78
2026-03-06,KO,Consumer,76.82,77.19,76.35,77.055,0.0030590991929186906,0.004816454048425012,-0.006118198385837048,0.011001964636542239,876872.0,78
2026-03-06,LHX,Defense,361.305,367.29,355.925,366.57,0.014572175862498371,0.016564952048823134,-0.01489046650336967,0.03193088431551594,78756.0,78
2026-03-06,LIN,Materials,487.83,487.95,479.88,484.86,-0.006088186458397371,0.0002459873316524863,-0.016296660721972778,0.016816704176044084,108273.0,78
2026-03-06,LLY,Healthcare,975.05,990.965,967.21,990.4,0.015742782421414248,0.01632223988513415,-0.008040613301881883,0.02456033332988694,73414.0,75
2026-03-06,LMT,Defense,660.15,672.74,657.44,671.81,0.017662652427478553,0.019071423161402867,-0.004105127622509919,0.023272085665611897,45407.0,73
2026-03-06,LOW,Consumer,250.29,252.815,248.465,251.94,0.006592352870669949,0.010088297574813332,-0.007291541811498603,0.017507496025597202,80306.0,78
2026-03-06,LRCX,Semiconductors,205.54,211.04,198.535,199.25,-0.030602315850929207,0.02675878174564561,-0.034080957477863216,0.06298637519832773,572512.0,77
2026-03-06,MA,Financials,519.98,522.48,512.56,522.22,0.004307857994538367,0.004807877226047141,-0.014269779606908117,0.019353831746527383,133134.0,78
2026-03-06,MCD,Consumer,325.8,328.29,321.565,328.06,0.006936771025168875,0.007642725598526745,-0.012998772252915902,0.0209133456688384,112058.0,78
2026-03-06,MDT,Healthcare,92.58,92.58,90.21,90.85,-0.01868654136962633,0.0,-0.0255994815294881,0.0262720319255072,677610.0,78
2026-03-06,META,Technology,647.8,649.43,636.32,644.8,-0.004631058968817547,0.002516208706390799,-0.017721518987341645,0.020602841337691524,270845.0,78
2026-03-06,MPC,Energy,217.88,221.42,214.385,221.28,0.015604920139526302,0.01624747567468332,-0.016040939966954326,0.03281479581127411,150180.0,77
2026-03-06,MRK,Healthcare,114.88,116.325,113.865,115.81,0.00809540389972141,0.01257834261838453,-0.008835306406685284,0.02160453168225529,242585.0,77
2026-03-06,MS,Financials,157.95,160.31,155.43,160.22,0.014371636593858872,0.014941437163659366,-0.015954415954415824,0.03139677025027332,294532.0,78
2026-03-06,MSFT,Technology,409.315,413.035,408.605,408.72,-0.0014536481682810853,0.009088354934463805,-0.0017346053772766545,0.010841766498207228,691354.0,78
2026-03-06,MU,Semiconductors,380.755,390.36,367.51,370.375,-0.027261624929416528,0.025226195322451517,-0.03478614857322948,0.06217517890669644,413137.0,77
2026-03-06,NEE,Utilities,90.48,91.62,90.05,91.04,0.006189213085764811,0.012599469496021198,-0.004752431476569452,0.017434758467518074,461458.0,78
2026-03-06,NFLX,Consumer,99.385,99.87,97.41,99.01,-0.0037732052120541537,0.004880012074256701,-0.0198722141168185,0.025254080689867564,2385171.0,78
2026-03-06,NOC,Defense,743.88,758.375,740.05,756.33,0.016736570414582985,0.019485669731677202,-0.005148679894606767,0.02476184041618823,28611.0,69
2026-03-06,NOW,Technology,120.68,124.64,120.38,124.35,0.03041100430891608,0.03281405369572421,-0.002485913158767117,0.03538793819571362,1027696.0,78
2026-03-06,NVDA,Semiconductors,179.88,182.75,176.83,177.7,-0.012119190571492133,0.015955081165221374,-0.016955748276628824,0.03347848215800475,5610469.0,78
2026-03-06,OKE,Energy,86.1,87.05,84.79,86.945,0.00981416957026715,0.011033681765389103,-0.015214866434378527,0.02665408656681212,214661.0,78
2026-03-06,ORCL,Technology,152.695,159.155,151.73,152.99,0.0019319558597203912,0.04230655882641865,-0.006319787812305577,0.04893560930600427,1124515.0,78
2026-03-06,OXY,Energy,54.215,55.165,53.295,54.185,-0.0005533523932491624,0.01752282578622144,-0.0169694733929725,0.0350877192982455,766302.0,78
2026-03-06,PANW,Technology,162.865,165.19,161.34,165.05,0.013416019402572754,0.014275627053080608,-0.009363583335891712,0.02386265030370649,201511.0,78
2026-03-06,PCG,Utilities,18.03,18.205,17.935,18.155,0.00693288962839711,0.009706045479755732,-0.0052689961175819144,0.015054362977418467,1364306.0,78
2026-03-06,PEG,Utilities,82.965,83.67,82.435,83.33,0.004399445549327918,0.0084975592117158,-0.006388236003133874,0.014981500576211504,70603.0,74
2026-03-06,PEP,Consumer,158.39,159.52,156.085,159.46,0.006755476987183595,0.007134288780857423,-0.01455268640697005,0.022007239645065235,175244.0,78
2026-03-06,PG,Consumer,153.66,154.42,151.93,153.625,-0.0002277756084861915,0.004945984641416157,-0.011258622933749796,0.01638912657144731,307276.0,78
2026-03-06,PLD,Real Estate,135.15,135.18,132.96,134.55,-0.004439511653718031,0.00022197558268599593,-0.01620421753607104,0.01669675090252709,135284.0,78
2026-03-06,PM,Consumer,169.13,170.03,166.95,169.93,0.004730089280435168,0.005321350440489647,-0.012889493289185872,0.01844863731656199,179261.0,75
2026-03-06,PSX,Energy,166.4,167.47,161.71,166.01,-0.002343750000000089,0.006430288461538369,-0.028185096153846123,0.03561931853317657,203901.0,78
2026-03-06,PWR,Industrials,532.84,552.69,532.57,540.35,0.014094287215674406,0.03725320921852715,-0.0005067187148111163,0.037779071295792166,48508.0,77
2026-03-06,QCOM,Semiconductors,133.82,137.165,133.48,135.655,0.013712449559109219,0.024996263637722338,-0.0025407263488268494,0.027607132154629843,267156.0,78
2026-03-06,REGN,Healthcare,752.23,762.08,751.355,759.61,0.0098108291347061,0.013094399319357075,-0.0011632080613641627,0.01427421125832673,19629.0,69
2026-03-06,RKLB,High Beta Growth,68.21,75.08,68.21,70.09,0.027561941064360163,0.10071836974050741,0.0,0.10071836974050741,254616.0,78
2026-03-06,ROK,Industrials,369.0,370.91,366.475,369.55,0.0014905149051491762,0.0051761517615176444,-0.006842818428184239,0.012101780476158064,46811.0,76
2026-03-06,RTX,Defense,204.5,209.92,203.73,209.835,0.026088019559902254,0.02650366748166255,-0.0037652811735942038,0.030383350512933838,235439.0,77
2026-03-06,SCHW,Financials,93.78,95.26,92.57,95.25,0.015674984005118242,0.015781616549370936,-0.012902537854553309,0.029059090418062095,712056.0,78
2026-03-06,SLB,Energy,47.425,47.61,46.43,46.87,-0.011702688455455967,0.003900896151818767,-0.02098049551924086,0.025414602627611416,770367.0,78
2026-03-06,SNPS,Technology,435.675,445.055,431.84,437.5,0.004188902278074336,0.021529810064842003,-0.008802433006254717,0.0306016117080401,126999.0,78
2026-03-06,SO,Utilities,96.955,97.92,96.04,97.54,0.006033726986746535,0.009953071012325232,-0.00943736785106486,0.019575177009579336,341042.0,78
2026-03-06,SPGI,Financials,447.495,452.66,443.73,452.27,0.010670510285031076,0.01154202840255203,-0.008413501826835978,0.020124850697496255,116708.0,78
2026-03-06,TDG,Defense,1291.0,1318.48,1287.35,1294.01,0.002331525948876756,0.02128582494190545,-0.002827265685515168,0.02418145803394589,12228.0,76
2026-03-06,TGT,Consumer,119.005,120.75,117.155,120.74,0.01457921936053097,0.014663249443300774,-0.015545565312381826,0.03068584354060855,197097.0,78
2026-03-06,TMO,Healthcare,513.98,513.98,500.09,502.2,-0.0229191797346201,0.0,-0.027024397836491798,0.027775000499909996,68053.0,78
2026-03-06,TSLA,Consumer,398.185,402.325,394.25,396.63,-0.003905219935457116,0.010397177191506346,-0.009882341122844918,0.02048192771084345,594671.0,78
2026-03-06,TXN,Semiconductors,192.48,195.015,191.27,193.21,0.0037926018287615104,0.01317019950124676,-0.006286367414796268,0.019579651801118647,173610.0,78
2026-03-06,UBER,Consumer,74.525,75.57,74.2,75.12,0.007983898020798463,0.014022140221402024,-0.004360952700436127,0.018463611859838247,587895.0,78
2026-03-06,UNH,Healthcare,288.15,290.915,283.21,286.51,-0.0056914801318757036,0.009595696685753996,-0.017143848689918473,0.027205960241517113,154087.0,77
2026-03-06,V,Financials,316.74,317.69,312.4,317.4,0.002083727978783756,0.0029993054240069483,-0.013702090042306048,0.01693341869398224,284299.0,78
2026-03-06,VLO,Energy,227.66,230.28,221.315,224.61,-0.013397171220240645,0.011508389703944522,-0.0278705086532548,0.04050787339312745,186997.0,78
2026-03-06,VRT,Industrials,242.28,250.88,238.715,241.83,-0.001857355126300142,0.035496120191513825,-0.014714380056133347,0.0509603502084075,325870.0,78
2026-03-06,VRTX,Healthcare,457.475,459.42,451.155,456.725,-0.0016394338488442406,0.004251598448002714,-0.01381496256626058,0.01831964624131399,32790.0,68
2026-03-06,VST,Utilities,164.45,168.28,158.43,158.64,-0.03532988750380062,0.023289753724536455,-0.036606871389479934,0.06217256832670581,221046.0,78
2026-03-06,VZ,Communications,51.1,51.245,50.405,51.1,0.0,0.002837573385518599,-0.013600782778865006,0.016665013391528483,1672229.0,78
2026-03-06,WMB,Energy,74.9,74.9,73.95,74.235,-0.008878504672897303,0.0,-0.012683578104138893,0.012846517917511902,307649.0,78
2026-03-06,WMT,Consumer,122.44,124.175,121.64,123.795,0.01106664488729181,0.014170205815093206,-0.006533812479581846,0.02084018414995059,991110.0,78
2026-03-06,XEL,Utilities,81.77,82.89,80.97,82.53,0.009294362235538811,0.013696954873425593,-0.009783539195303836,0.023712486105965214,228474.0,78
2026-03-06,XOM,Energy,153.15,153.79,149.98,151.195,-0.012765262814234513,0.004178909565785149,-0.020698661443029787,0.025403387118282383,641255.0,78
