bias_threshold,reversal_threshold,entry_mode,trading_date,symbol,event_bias,trade_direction,prior_relative_return,opening_return_10m,entry_price,exit_price,trade_return,result
0.025,0.0025,threshold_only,2026-03-03,APH,SHORT,SHORT,-0.05350874248145587,0.008664843840258785,130.96,129.59,0.010461209529627402,WIN
0.025,0.0025,threshold_only,2026-03-03,APO,LONG,LONG,0.03420987314920265,-0.0038488108161452983,100.94,107.11,0.0611254210422032,WIN
0.025,0.0025,threshold_only,2026-03-03,APP,LONG,LONG,0.025311919821487505,-0.004447497830488811,412.995,439.14,0.06330585116042564,WIN
0.025,0.0025,threshold_only,2026-03-03,ARES,LONG,LONG,0.02803504450509875,-0.013076710562666904,107.17,112.64,0.05104040309788194,WIN
0.025,0.0025,threshold_only,2026-03-03,AXON,LONG,LONG,0.038818692979508906,-0.0032746478873240115,566.14,579.39,0.023404104991698205,WIN
0.025,0.0025,threshold_only,2026-03-03,BEN,LONG,LONG,0.033087253310243536,-0.003816793893129722,26.1,26.51,0.015708812260536442,WIN
0.025,0.0025,threshold_only,2026-03-03,BX,LONG,LONG,0.036644759189616405,-0.019170506912442375,106.42,110.915,0.04223830107122728,WIN
0.025,0.0025,threshold_only,2026-03-03,CBOE,SHORT,SHORT,-0.02584028495631019,0.005768486907384629,299.02,303.76,-0.01585178248946562,LOSS
0.025,0.0025,threshold_only,2026-03-03,CF,SHORT,SHORT,-0.02902474371249486,0.007973263308665546,105.56,106.305,-0.007057597574838997,LOSS
0.025,0.0025,threshold_only,2026-03-03,COHR,LONG,LONG,0.08129214578592658,-0.011125061030899053,283.55,280.63,-0.010298007406101317,LOSS
0.025,0.0025,threshold_only,2026-03-03,CPAY,LONG,LONG,0.033341153228673814,-0.0028461824031680294,322.32,334.12,0.036609580541077325,WIN
0.025,0.0025,threshold_only,2026-03-03,CSGP,LONG,LONG,0.028982073711574685,-0.013770491803278717,45.12,46.78,0.036790780141844115,WIN
0.025,0.0025,threshold_only,2026-03-03,DELL,LONG,LONG,0.03327759661575547,-0.017357762777242103,147.755,145.19,-0.017359818618659206,LOSS
0.025,0.0025,threshold_only,2026-03-03,DLTR,SHORT,SHORT,-0.047172709244255095,0.0029248442202534086,118.3,118.37,-0.0005917159763314234,LOSS
0.025,0.0025,threshold_only,2026-03-03,ELV,SHORT,SHORT,-0.07811421124105167,0.014050873853607815,293.01,283.71,0.031739531074024815,WIN
0.025,0.0025,threshold_only,2026-03-03,F,SHORT,SHORT,-0.04672499106638939,0.006130268199233679,13.13,12.715,0.031607006854531675,WIN
0.025,0.0025,threshold_only,2026-03-03,GEHC,SHORT,SHORT,-0.042065522404435396,0.004416282642089042,78.465,78.07,0.005034091633212391,WIN
0.025,0.0025,threshold_only,2026-03-03,GPN,LONG,LONG,0.028527939087488186,-0.010943643512450807,75.465,77.695,0.0295501225733783,WIN
0.025,0.0025,threshold_only,2026-03-03,HAL,SHORT,SHORT,-0.030890220057747664,0.0037878787878786735,35.775,35.25,0.014675052410901428,WIN
0.025,0.0025,threshold_only,2026-03-03,HPE,LONG,LONG,0.03870819502428402,-0.006893382352941235,21.61,21.64,0.0013882461823231385,WIN
0.025,0.0025,threshold_only,2026-03-03,HRL,SHORT,SHORT,-0.031036439545401362,0.006288032454361048,24.805,24.6,0.008264462809917286,WIN
0.025,0.0025,threshold_only,2026-03-03,LITE,LONG,LONG,0.03532423456922551,-0.026105545886835002,710.68,693.6,-0.02403332020037141,LOSS
0.025,0.0025,threshold_only,2026-03-03,MAS,SHORT,SHORT,-0.042307248782298856,0.006631299734747964,68.31,68.03,0.004098960620699767,WIN
0.025,0.0025,threshold_only,2026-03-03,MCD,SHORT,SHORT,-0.025221038077916536,0.006018069366965806,331.825,331.955,-0.00039177277179234675,LOSS
0.025,0.0025,threshold_only,2026-03-03,MOS,SHORT,SHORT,-0.05789492382801609,0.0086013462976815,26.97,26.79,0.006674082313681859,WIN
0.025,0.0025,threshold_only,2026-03-03,NOC,LONG,LONG,0.028323424255407348,-0.006109475549071153,762.97,759.165,-0.004987089924898824,LOSS
0.025,0.0025,threshold_only,2026-03-03,RDDT,LONG,LONG,0.026119895357570533,-0.01327433628318575,140.49,145.665,0.0368353619474695,WIN
0.025,0.0025,threshold_only,2026-03-03,STLD,LONG,LONG,0.03915600000766073,-0.029507695443889426,190.43,197.4,0.03660137583363965,WIN
0.025,0.0025,threshold_only,2026-03-03,STX,SHORT,SHORT,-0.04721296881717063,0.002740408570004904,362.25,357.48,0.013167701863353988,WIN
0.025,0.0025,threshold_only,2026-03-03,TEL,SHORT,SHORT,-0.06675880532715572,0.011754334410813971,206.58,204.27,0.011182108626198093,WIN
0.025,0.0025,threshold_only,2026-03-03,TER,LONG,LONG,0.027963097719319263,-0.007763119509902383,306.115,304.275,-0.0060108129297814505,LOSS
0.025,0.0025,threshold_only,2026-03-03,TTD,LONG,LONG,0.04127497165773186,-0.013289036544850363,23.76,24.995,0.0519781144781144,WIN
0.025,0.0025,threshold_only,2026-03-03,VTRS,LONG,LONG,0.043718388636287075,-0.013175230566534912,14.98,14.9,-0.005340453938584733,LOSS
0.025,0.0025,threshold_only,2026-03-03,WAT,SHORT,SHORT,-0.03203473392185208,0.011040150502499957,306.33,312.21,-0.019194985799627837,LOSS
0.025,0.0025,threshold_only,2026-03-03,WFC,LONG,LONG,0.029578205103798716,-0.008333847768380864,80.32,82.485,0.026954681274900416,WIN
0.025,0.0025,threshold_only,2026-03-03,XYZ,LONG,LONG,0.05007336318365363,-0.014117832636643346,62.5,62.84,0.005440000000000111,WIN
0.025,0.0025,threshold_only,2026-03-04,AKAM,LONG,LONG,0.060779320470516485,-0.002700579397034164,101.555,103.02,0.014425680665649088,WIN
0.025,0.0025,threshold_only,2026-03-04,ANET,SHORT,SHORT,-0.030216423997195263,0.005772230889235619,128.94,134.875,-0.04602916085000777,LOSS
0.025,0.0025,threshold_only,2026-03-04,APA,SHORT,SHORT,-0.04911804014326637,0.005985118084762098,31.095,31.11,-0.0004823926676314703,LOSS
0.025,0.0025,threshold_only,2026-03-04,AXON,LONG,LONG,0.05256504925815553,-0.010191093832526588,571.58,569.68,-0.0033241191084364408,LOSS
0.025,0.0025,threshold_only,2026-03-04,BAC,LONG,LONG,0.0295334063912005,-0.010997800439911942,49.46,50.28,0.01657905378083302,WIN
0.025,0.0025,threshold_only,2026-03-04,BBY,LONG,LONG,0.03061058617201806,-0.003696718219539874,66.03,67.41,0.02089959109495676,WIN
0.025,0.0025,threshold_only,2026-03-04,BEN,LONG,LONG,0.03815525855238633,-0.006548175865294659,26.55,26.57,0.0007532956685498693,WIN
0.025,0.0025,threshold_only,2026-03-04,BLK,LONG,LONG,0.03226271207874554,-0.004042572305306247,1053.22,1049.22,-0.0037978769867643702,LOSS
0.025,0.0025,threshold_only,2026-03-04,BRK.B,SHORT,SHORT,-0.03500768161896051,0.008835758835758822,485.25,487.505,-0.004647089129314777,LOSS
0.025,0.0025,threshold_only,2026-03-04,C,LONG,LONG,0.05744171406507115,-0.004746126981284182,111.14,111.34,0.0017995321216484061,WIN
0.025,0.0025,threshold_only,2026-03-04,CDW,LONG,LONG,0.04719104915537886,-0.021087812835714037,123.015,124.85,0.014916880055277693,WIN
0.025,0.0025,threshold_only,2026-03-04,CHRW,LONG,LONG,0.051853659853882794,-0.01007647788342303,191.57,189.865,-0.008900140940648282,LOSS
0.025,0.0025,threshold_only,2026-03-04,CINF,LONG,LONG,0.026676511194927643,-0.009109311740890691,166.43,167.98,0.00931322477918628,WIN
0.025,0.0025,threshold_only,2026-03-04,COHR,LONG,LONG,0.05081102365463064,-0.036678423658685455,284.045,274.81,-0.032512454012568526,LOSS
0.025,0.0025,threshold_only,2026-03-04,CRWD,LONG,LONG,0.07423650992861353,-0.005450755466939516,384.08,407.73,0.06157571339304324,WIN
0.025,0.0025,threshold_only,2026-03-04,DAL,LONG,LONG,0.041117014650342565,-0.00987197285207464,64.19,63.81,-0.0059199252219971354,LOSS
0.025,0.0025,threshold_only,2026-03-04,ELV,SHORT,SHORT,-0.1022453893736811,0.018133802816901357,289.15,291.61,-0.008507694968009811,LOSS
0.025,0.0025,threshold_only,2026-03-04,EME,LONG,LONG,0.028383121620897844,-0.0047449902821525836,742.51,740.715,-0.0024174758589109446,LOSS
0.025,0.0025,threshold_only,2026-03-04,F,SHORT,SHORT,-0.07867393463241201,0.015063731170336103,13.14,12.81,0.025114155251141558,WIN
0.025,0.0025,threshold_only,2026-03-04,FANG,SHORT,SHORT,-0.05317277482086791,0.00315692802204115,174.77,176.81,-0.011672483835898563,LOSS
0.025,0.0025,threshold_only,2026-03-04,FDS,LONG,LONG,0.03969317723634247,-0.008475336322869897,221.11,225.44,0.019583012979964565,WIN
0.025,0.0025,threshold_only,2026-03-04,FFIV,LONG,LONG,0.03308149250249115,-0.004974768261694407,278.02,286.285,0.029728077116754292,WIN
0.025,0.0025,threshold_only,2026-03-04,FICO,LONG,LONG,0.031851953575076086,-0.013262983654045102,1430.67,1462.31,0.022115512312413044,WIN
0.025,0.0025,threshold_only,2026-03-04,FIX,LONG,LONG,0.035679374624986604,-0.01795807195929977,1391.74,1429.44,0.02708839294695853,WIN
0.025,0.0025,threshold_only,2026-03-04,GNRC,LONG,LONG,0.04683656818609627,-0.01727468525878728,221.295,220.88,-0.0018753247926974748,LOSS
0.025,0.0025,threshold_only,2026-03-04,GPN,LONG,LONG,0.04023251468887068,-0.012071401053037056,76.93,77.56,0.008189262966332933,WIN
0.025,0.0025,threshold_only,2026-03-04,GS,LONG,LONG,0.05185146681284225,-0.008615136876006457,861.91,867.425,0.006398579898133194,WIN
0.025,0.0025,threshold_only,2026-03-04,HUM,SHORT,SHORT,-0.0417100379430434,0.00501875137877783,182.23,183.07,-0.004609559348076626,LOSS
0.025,0.0025,threshold_only,2026-03-04,IBKR,LONG,LONG,0.027812881449067017,-0.012531681216558677,70.13,69.135,-0.014187936689005975,LOSS
0.025,0.0025,threshold_only,2026-03-04,IT,LONG,LONG,0.05612852413112668,-0.0033485540334856623,163.7,166.83,0.01912034208918767,WIN
0.025,0.0025,threshold_only,2026-03-04,JPM,LONG,LONG,0.02505653765622884,-0.008488964346349825,297.84,299.34,0.005036261079774285,WIN
0.025,0.0025,threshold_only,2026-03-04,KEY,LONG,LONG,0.02593251675903252,-0.008003880669415486,20.45,20.69,0.011735941320293541,WIN
0.025,0.0025,threshold_only,2026-03-04,LDOS,LONG,LONG,0.03272903593845333,-0.005176470588235338,179.69,176.75,-0.016361511492014036,LOSS
0.025,0.0025,threshold_only,2026-03-04,LYB,LONG,LONG,0.03893362132167111,-0.008534136546184734,59.25,61.925,0.045147679324894385,WIN
0.025,0.0025,threshold_only,2026-03-04,MA,LONG,LONG,0.027305451819753968,-0.003119812238823294,522.435,523.02,0.0011197565247351715,WIN
0.025,0.0025,threshold_only,2026-03-04,MS,LONG,LONG,0.03730715245018734,-0.002500297654482564,167.56,167.54,-0.00011936022917169442,LOSS
0.025,0.0025,threshold_only,2026-03-04,NRG,SHORT,SHORT,-0.033838517568412274,0.0095103259364131,164.0,163.62,0.0023170731707316795,WIN
0.025,0.0025,threshold_only,2026-03-04,OXY,SHORT,SHORT,-0.07424909917873013,0.013365155131265016,53.075,53.6,-0.009891662741403648,LOSS
0.025,0.0025,threshold_only,2026-03-04,PAYX,LONG,LONG,0.025125500181276017,-0.0037258606213266265,94.925,95.79,0.009112457203055202,WIN
0.025,0.0025,threshold_only,2026-03-04,PCAR,SHORT,SHORT,-0.025082930133032977,0.00478449662270819,124.955,124.93,0.00020007202592926633,WIN
0.025,0.0025,threshold_only,2026-03-04,PM,SHORT,SHORT,-0.05093651762602869,0.0028802168633874636,177.58,179.095,-0.008531366144836053,LOSS
0.025,0.0025,threshold_only,2026-03-04,PNC,LONG,LONG,0.028740079240245908,-0.003504181656777128,213.28,213.92,0.0030007501875468634,WIN
0.025,0.0025,threshold_only,2026-03-04,PTC,LONG,LONG,0.04380243946637097,-0.002868477265791869,163.38,163.09,-0.0017750030603500555,LOSS
0.025,0.0025,threshold_only,2026-03-04,PWR,LONG,LONG,0.03324143103100363,-0.015390818097358316,561.69,568.39,0.01192828784560862,WIN
0.025,0.0025,threshold_only,2026-03-04,RCL,LONG,LONG,0.07828522702663099,-0.02646558492541229,297.59,287.24,-0.034779394468900104,LOSS
0.025,0.0025,threshold_only,2026-03-04,RDDT,LONG,LONG,0.042735662979343614,-0.00518452827614424,145.83,147.255,0.009771651923472513,WIN
0.025,0.0025,threshold_only,2026-03-04,RF,LONG,LONG,0.030569960611273927,-0.009161128076163205,27.58,27.83,0.009064539521392412,WIN
0.025,0.0025,threshold_only,2026-03-04,RL,LONG,LONG,0.029947169902750703,-0.006822705745075153,361.74,359.94,-0.004975949577044281,LOSS
0.025,0.0025,threshold_only,2026-03-04,ROP,LONG,LONG,0.030346169392782896,-0.005457293182581369,355.37,361.225,0.016475785800714737,WIN
0.025,0.0025,threshold_only,2026-03-04,SNPS,LONG,LONG,0.03566763637574444,-0.006500758225869041,422.57,430.9,0.019712710320183513,WIN
0.025,0.0025,threshold_only,2026-03-04,SOLV,SHORT,SHORT,-0.034138515442410866,0.004402783695497847,70.72,70.39,0.004666289592760157,WIN
0.025,0.0025,threshold_only,2026-03-04,STLD,LONG,LONG,0.03819957066495827,-0.024524524524524582,194.9,193.93,-0.004976911236531545,LOSS
0.025,0.0025,threshold_only,2026-03-04,STX,SHORT,SHORT,-0.06452952640336318,0.0035919540229885083,370.205,375.04,-0.01306033143798716,LOSS
0.025,0.0025,threshold_only,2026-03-04,TEL,SHORT,SHORT,-0.07360090409549591,0.011379835221918988,209.3,209.11,0.0009077878643095925,WIN
0.025,0.0025,threshold_only,2026-03-04,TGT,LONG,LONG,0.03821691406340322,-0.017557861133280173,123.1,120.05,-0.024776604386677503,LOSS
0.025,0.0025,threshold_only,2026-03-04,TPL,SHORT,SHORT,-0.0314206102224992,0.010460652591171016,526.45,536.46,-0.019014151391395177,LOSS
0.025,0.0025,threshold_only,2026-03-04,TPR,LONG,LONG,0.030536718534670326,-0.0030017563467986674,156.105,157.04,0.00598955831011172,WIN
0.025,0.0025,threshold_only,2026-03-04,TTWO,LONG,LONG,0.031615622612433114,-0.01241493470663968,214.78,215.75,0.004516249185212873,WIN
0.025,0.0025,threshold_only,2026-03-04,TYL,LONG,LONG,0.046416064377132527,-0.0068259385665528916,363.75,368.15,0.012096219931271524,WIN
0.025,0.0025,threshold_only,2026-03-04,UAL,LONG,LONG,0.05020580458176083,-0.013314176245210696,103.01,100.52,-0.024172410445587933,LOSS
0.025,0.0025,threshold_only,2026-03-04,UBER,LONG,LONG,0.03528628253298938,-0.008303677342823335,75.24,76.665,0.018939393939394034,WIN
0.025,0.0025,threshold_only,2026-03-04,URI,LONG,LONG,0.04427960748228843,-0.005296950240770371,836.595,851.74,0.01810314429323623,WIN
0.025,0.0025,threshold_only,2026-03-04,VEEV,LONG,LONG,0.029577716291181,-0.007881614926813607,185.04,188.425,0.018293341980112565,WIN
0.025,0.0025,threshold_only,2026-03-04,VST,SHORT,SHORT,-0.037979481168057494,0.0026860142019142774,162.385,163.44,-0.0064969055023555555,LOSS
0.025,0.0025,threshold_only,2026-03-04,WDAY,LONG,LONG,0.07918189053864344,-0.004368932038834927,143.57,143.1,-0.003273664414571331,LOSS
0.025,0.0025,threshold_only,2026-03-04,WFC,LONG,LONG,0.04141940466627414,-0.002535619415599988,82.61,83.91,0.015736593632732054,WIN
0.025,0.0025,threshold_only,2026-03-04,XYZ,LONG,LONG,0.03354785653447845,-0.009112333071484624,63.07,65.25,0.03456476930394792,WIN
0.025,0.0025,threshold_only,2026-03-05,AIG,SHORT,SHORT,-0.037350208325612755,0.008219524532119493,79.73,80.05,-0.004013545716794095,LOSS
0.025,0.0025,threshold_only,2026-03-05,ALLE,SHORT,SHORT,-0.031589551449733966,0.0031300419490158937,155.435,152.22,0.020683887155402602,WIN
0.025,0.0025,threshold_only,2026-03-05,AOS,SHORT,SHORT,-0.042283182968195776,0.004131662305467465,72.91,72.03,0.012069674941708894,WIN
0.025,0.0025,threshold_only,2026-03-05,APA,SHORT,SHORT,-0.04408244877817524,0.016890292028413523,32.21,32.37,-0.004967401428127805,LOSS
0.025,0.0025,threshold_only,2026-03-05,APH,SHORT,SHORT,-0.05851746160720972,0.013957246749430663,138.03,136.25,0.012895747301311317,WIN
0.025,0.0025,threshold_only,2026-03-05,BAX,SHORT,SHORT,-0.037292277178473276,0.0029522275899087624,18.685,18.59,0.005084292213005024,WIN
0.025,0.0025,threshold_only,2026-03-05,BLDR,SHORT,SHORT,-0.040435471874833984,0.01710114702815435,97.54,95.49,0.021017018659011802,WIN
0.025,0.0025,threshold_only,2026-03-05,BSX,SHORT,SHORT,-0.060820265202670476,0.004462418072793239,72.03,72.95,-0.012772455921143991,LOSS
0.025,0.0025,threshold_only,2026-03-05,CCI,LONG,LONG,0.031205739990771475,-0.006856890068568933,89.8,90.16,0.004008908685968704,WIN
0.025,0.0025,threshold_only,2026-03-05,CDNS,LONG,LONG,0.028296512903534854,-0.006782178217821788,300.945,299.82,-0.003738224592533479,LOSS
0.025,0.0025,threshold_only,2026-03-05,CF,SHORT,SHORT,-0.03710228361426349,0.039177966499319705,110.74,110.74,0.0,LOSS
0.025,0.0025,threshold_only,2026-03-05,CMCSA,LONG,LONG,0.03571250593948294,-0.003124023742580362,31.91,31.59,-0.010028204324663115,LOSS
0.025,0.0025,threshold_only,2026-03-05,COP,SHORT,SHORT,-0.04845270875131147,0.010296065279617128,118.24,116.835,0.011882611637347778,WIN
0.025,0.0025,threshold_only,2026-03-05,CVNA,SHORT,SHORT,-0.02799337839616567,0.028990591612183092,322.64,331.08,-0.02615918670964542,LOSS
0.025,0.0025,threshold_only,2026-03-05,CVX,SHORT,SHORT,-0.03931494074638864,0.010241836023379358,188.4,189.85,-0.007696390658174037,LOSS
0.025,0.0025,threshold_only,2026-03-05,DECK,SHORT,SHORT,-0.02673287701519178,0.008479262672811183,109.42,107.44,0.018095412173277318,WIN
0.025,0.0025,threshold_only,2026-03-05,DLTR,SHORT,SHORT,-0.05905249325910067,0.003434950622584809,116.85,115.89,0.008215661103979408,WIN
0.025,0.0025,threshold_only,2026-03-05,DVN,SHORT,SHORT,-0.05513141321935666,0.003395201448619156,44.33,44.505,-0.003947665237987915,LOSS
0.025,0.0025,threshold_only,2026-03-05,ELV,SHORT,SHORT,-0.07898413945758709,0.016214158403848433,293.63,286.37,0.024724994040118485,WIN
0.025,0.0025,threshold_only,2026-03-05,ETN,SHORT,SHORT,-0.03695551503213679,0.009855097267385649,354.035,354.62,-0.001652379002076008,LOSS
0.025,0.0025,threshold_only,2026-03-05,EXE,SHORT,SHORT,-0.05743870736286438,0.0029830957905203626,105.91,106.67,-0.007175904069493014,LOSS
0.025,0.0025,threshold_only,2026-03-05,FIX,LONG,LONG,0.04354911015173846,-0.00963912697962177,1395.775,1346.21,-0.03551073776217517,LOSS
0.025,0.0025,threshold_only,2026-03-05,GEV,SHORT,SHORT,-0.03206747706440438,0.0072866984631692056,836.33,815.2,0.025265146533067086,WIN
0.025,0.0025,threshold_only,2026-03-05,GLW,SHORT,SHORT,-0.05715163562429726,0.022655388010297983,139.03,134.7,0.03114435733294981,WIN
0.025,0.0025,threshold_only,2026-03-05,HUBB,SHORT,SHORT,-0.027159014086700295,0.0027188801935265072,484.97,476.47,0.01752685733138132,WIN
0.025,0.0025,threshold_only,2026-03-05,HUM,SHORT,SHORT,-0.033527720096429015,0.00554054799051773,182.395,180.63,0.009676800350886892,WIN
0.025,0.0025,threshold_only,2026-03-05,L,LONG,LONG,0.029660351999942325,-0.005070626584570803,109.88,109.95,0.000637058609392227,WIN
0.025,0.0025,threshold_only,2026-03-05,LEN,SHORT,SHORT,-0.026132042211379214,0.00834597875569032,106.32,104.2,0.019939804364183508,WIN
0.025,0.0025,threshold_only,2026-03-05,LH,SHORT,SHORT,-0.025416766693343806,0.003292329956584794,277.31,276.01,0.004687894414193543,WIN
0.025,0.0025,threshold_only,2026-03-05,LITE,SHORT,SHORT,-0.08725645188429887,0.024493784692361853,655.215,651.095,0.0062880123318300165,WIN
0.025,0.0025,threshold_only,2026-03-05,LRCX,SHORT,SHORT,-0.03367982503578992,0.004301468905871131,219.47,214.72,0.021643049163894836,WIN
0.025,0.0025,threshold_only,2026-03-05,MAS,SHORT,SHORT,-0.04751349092401436,0.009090237233020382,68.27,65.3,0.04350373516918118,WIN
0.025,0.0025,threshold_only,2026-03-05,MCHP,SHORT,SHORT,-0.039840325572871316,0.010942028985507113,69.755,67.85,0.02730987026019642,WIN
0.025,0.0025,threshold_only,2026-03-05,MOS,SHORT,SHORT,-0.088164954588837,0.021235521235521304,26.45,26.285,0.0062381852551984555,WIN
0.025,0.0025,threshold_only,2026-03-05,NCLH,SHORT,SHORT,-0.04700407336035628,0.018173122907699568,21.29,20.925,0.017144199154532573,WIN
0.025,0.0025,threshold_only,2026-03-05,NRG,SHORT,SHORT,-0.028015847664159765,0.0034303727053588418,162.345,160.445,0.011703471003110694,WIN
0.025,0.0025,threshold_only,2026-03-05,ODFL,LONG,LONG,0.032818340189085804,-0.0025732197997567763,213.19,210.66,-0.01186734837468928,LOSS
0.025,0.0025,threshold_only,2026-03-05,ON,SHORT,SHORT,-0.030046032151794466,0.007598660021243431,61.66,60.845,0.01321764515082708,WIN
0.025,0.0025,threshold_only,2026-03-05,OXY,SHORT,SHORT,-0.053445478177402084,0.006670372429127269,54.33,53.24,0.020062580526412598,WIN
0.025,0.0025,threshold_only,2026-03-05,PNW,LONG,LONG,0.027792765948319698,-0.004152823920265725,101.915,101.765,-0.001471814747583844,LOSS
0.025,0.0025,threshold_only,2026-03-05,PWR,LONG,LONG,0.028196744741930013,-0.00960062814518714,555.0,549.11,-0.010612612612612593,LOSS
0.025,0.0025,threshold_only,2026-03-05,ROK,SHORT,SHORT,-0.03480345560783915,0.0032609560168614937,378.42,378.18,0.0006342159505311798,WIN
0.025,0.0025,threshold_only,2026-03-05,ROL,SHORT,SHORT,-0.05338855798464859,0.011103400416377474,58.28,58.165,0.001973232669869629,WIN
0.025,0.0025,threshold_only,2026-03-05,SOLV,SHORT,SHORT,-0.035636938776203775,0.012268618166164424,70.545,70.76,-0.00304770004961377,LOSS
0.025,0.0025,threshold_only,2026-03-05,STX,SHORT,SHORT,-0.049862758906967675,0.008531457221413463,374.145,367.29,0.01832177364390801,WIN
0.025,0.0025,threshold_only,2026-03-05,STZ,SHORT,SHORT,-0.04438275533018876,0.009428933164523423,151.485,147.295,0.027659504241344196,WIN
0.025,0.0025,threshold_only,2026-03-05,SWK,SHORT,SHORT,-0.03841686810512135,0.010452299505891105,79.755,77.92,0.02300796188326743,WIN
0.025,0.0025,threshold_only,2026-03-05,SWKS,SHORT,SHORT,-0.03383969602877701,0.009821428571428426,56.55,56.485,0.0011494252873562817,WIN
0.025,0.0025,threshold_only,2026-03-05,T,LONG,LONG,0.03545233974069717,-0.004842615012106588,28.77,28.96,0.0066041014946125465,WIN
0.025,0.0025,threshold_only,2026-03-05,TAP,SHORT,SHORT,-0.032919696503446394,0.00426621160409546,47.08,47.1,-0.0004248088360238557,LOSS
0.025,0.0025,threshold_only,2026-03-05,TEL,SHORT,SHORT,-0.06496289897938212,0.015033720494567193,216.73,210.595,0.028307110229317544,WIN
0.025,0.0025,threshold_only,2026-03-05,TPR,LONG,LONG,0.03242474292669595,-0.013066371969056911,151.82,149.55,-0.014951916743511928,LOSS
0.025,0.0025,threshold_only,2026-03-05,TXN,SHORT,SHORT,-0.03845940195975872,0.002886577415020186,201.51,198.02,0.01731923973996318,WIN
0.025,0.0025,threshold_only,2026-03-05,ULTA,SHORT,SHORT,-0.030238350314448992,0.0056076888148932635,664.405,653.48,0.016443283840428587,WIN
0.025,0.0025,threshold_only,2026-03-05,VMC,SHORT,SHORT,-0.026915642742044166,0.002606756988509762,292.31,287.19,0.017515651192227446,WIN
0.025,0.0025,threshold_only,2026-03-05,VRSK,LONG,LONG,0.027643635956796198,-0.008573871646137099,214.5,211.24,-0.015198135198135176,LOSS
0.025,0.0025,threshold_only,2026-03-05,VST,SHORT,SHORT,-0.030202251725881535,0.008289420973159434,163.6,167.4,-0.023227383863080753,LOSS
0.025,0.0025,threshold_only,2026-03-05,ZTS,SHORT,SHORT,-0.04016857432643217,0.0029235082098519882,125.215,122.22,0.02391885956155416,WIN
0.025,0.0025,threshold_only,2026-03-06,ABNB,LONG,LONG,0.03533189535861325,-0.007333133792277735,132.66,133.23,0.004296698326549109,WIN
0.025,0.0025,threshold_only,2026-03-06,ADSK,LONG,LONG,0.07603686848363855,-0.0042632917200374765,260.42,261.03,0.0023423700176636864,WIN
0.025,0.0025,threshold_only,2026-03-06,AKAM,LONG,LONG,0.06191697752602221,-0.01542159022631695,98.32,99.91,0.01617168429617588,WIN
0.025,0.0025,threshold_only,2026-03-06,APO,LONG,LONG,0.1271644432531609,-0.021018367821436956,105.265,108.695,0.032584429772478885,WIN
0.025,0.0025,threshold_only,2026-03-06,APP,LONG,LONG,0.23197016825544448,-0.019900939300655063,496.675,502.53,0.01178839281220112,WIN
0.025,0.0025,threshold_only,2026-03-06,APTV,LONG,LONG,0.036488737384056336,-0.01781538038244601,71.395,72.71,0.018418656768681263,WIN
0.025,0.0025,threshold_only,2026-03-06,ARES,LONG,LONG,0.09231993559046625,-0.009634085666470615,109.48,110.04,0.005115089514066584,WIN
0.025,0.0025,threshold_only,2026-03-06,AXP,LONG,LONG,0.02845199099129725,-0.015280644516945108,295.79,300.93,0.017377193279015435,WIN
0.025,0.0025,threshold_only,2026-03-06,BAC,LONG,LONG,0.036420761352160325,-0.018537590113285263,47.65,48.61,0.020146904512067243,WIN
0.025,0.0025,threshold_only,2026-03-06,BEN,LONG,LONG,0.047179698116389,-0.010266159695817456,26.03,26.245,0.008259700345754961,WIN
0.025,0.0025,threshold_only,2026-03-06,BKNG,LONG,LONG,0.08278196963384654,-0.005192563081009349,4494.54,4552.29,0.012848923360343933,WIN
0.025,0.0025,threshold_only,2026-03-06,BX,LONG,LONG,0.09942186883865811,-0.02626441881100272,109.74,110.43,0.006287588846364267,WIN
0.025,0.0025,threshold_only,2026-03-06,C,LONG,LONG,0.036392612719559736,-0.01742857142857146,103.17,106.545,0.03271299796452465,WIN
0.025,0.0025,threshold_only,2026-03-06,CDW,LONG,LONG,0.049209815359563036,-0.0132423430010562,121.46,123.34,0.015478346780833263,WIN
0.025,0.0025,threshold_only,2026-03-06,CFG,LONG,LONG,0.02584041468722642,-0.01618907453900098,56.82,58.02,0.02111932418162632,WIN
0.025,0.0025,threshold_only,2026-03-06,CIEN,SHORT,SHORT,-0.035085492429282605,0.03486588732490348,303.64,293.96,0.0318798577262548,WIN
0.025,0.0025,threshold_only,2026-03-06,CMCSA,LONG,LONG,0.026048357348134266,-0.005560851604702766,31.295,31.89,0.01901262182457253,WIN
0.025,0.0025,threshold_only,2026-03-06,COHR,SHORT,SHORT,-0.05448012191675755,0.020690376569037605,243.945,235.59,0.03424952345815651,WIN
0.025,0.0025,threshold_only,2026-03-06,COST,SHORT,SHORT,-0.028569855860630655,0.01836081509402754,984.76,998.31,-0.013759697794386403,LOSS
0.025,0.0025,threshold_only,2026-03-06,CPAY,LONG,LONG,0.028409471154139165,-0.009674166509106907,314.27,314.41,0.00044547681929563154,WIN
0.025,0.0025,threshold_only,2026-03-06,CRM,LONG,LONG,0.03833435096065485,-0.008529419057300869,199.935,202.085,0.010753494885837878,WIN
0.025,0.0025,threshold_only,2026-03-06,CSGP,LONG,LONG,0.09835707305470542,-0.012177502579979405,47.86,48.4,0.011282908483075671,WIN
0.025,0.0025,threshold_only,2026-03-06,CTSH,LONG,LONG,0.03332475493539433,-0.0053586465589833265,64.965,66.275,0.020164704071423012,WIN
0.025,0.0025,threshold_only,2026-03-06,CVNA,LONG,LONG,0.03145352892506326,-0.01194798746237169,318.38,317.695,-0.002151517055091423,LOSS
0.025,0.0025,threshold_only,2026-03-06,DE,SHORT,SHORT,-0.04553942896950203,0.0050625983443934874,587.64,589.755,-0.00359914233204004,LOSS
0.025,0.0025,threshold_only,2026-03-06,DG,SHORT,SHORT,-0.040469405254865864,0.011387484088485333,146.99,146.29,0.004762228723042499,WIN
0.025,0.0025,threshold_only,2026-03-06,DLTR,SHORT,SHORT,-0.05951020892595826,0.005777816685634152,114.89,115.8,-0.007920619723213479,LOSS
0.025,0.0025,threshold_only,2026-03-06,DOW,LONG,LONG,0.03441532483230736,-0.03479749001711352,33.84,33.27,-0.016843971631205656,LOSS
0.025,0.0025,threshold_only,2026-03-06,EBAY,LONG,LONG,0.049416729086755984,-0.005135135135135083,92.025,92.735,0.007715294756859503,WIN
0.025,0.0025,threshold_only,2026-03-06,ESS,LONG,LONG,0.03503746031431887,-0.011143810084363381,252.01,255.14,0.01242014205785491,WIN
0.025,0.0025,threshold_only,2026-03-06,EXPE,LONG,LONG,0.1353658943158731,-0.010096449825569453,241.19,249.74,0.0354492308968033,WIN
0.025,0.0025,threshold_only,2026-03-06,FFIV,LONG,LONG,0.06265486093412198,-0.0028105069722190734,276.75,286.21,0.03418247515808481,WIN
0.025,0.0025,threshold_only,2026-03-06,FISV,LONG,LONG,0.058739545645962954,-0.0054853326973528516,62.55,63.07,0.008313349320543617,WIN
0.025,0.0025,threshold_only,2026-03-06,FLEX,LONG,LONG,0.06045369181897353,-0.024567641829642772,60.35,59.93,-0.006959403479701809,LOSS
0.025,0.0025,threshold_only,2026-03-06,FOX,LONG,LONG,0.027062521624126035,-0.004883546205860401,52.98,54.32,0.02529256323140805,WIN
0.025,0.0025,threshold_only,2026-03-06,FOXA,LONG,LONG,0.03816326606127496,-0.014217197670435167,57.55,59.8,0.039096437880104196,WIN
0.025,0.0025,threshold_only,2026-03-06,FTNT,LONG,LONG,0.08562112953058132,-0.0033275892804088825,83.865,83.67,-0.002325165444464261,LOSS
0.025,0.0025,threshold_only,2026-03-06,GDDY,LONG,LONG,0.07147381115258145,-0.010821578550662347,91.865,93.945,0.022641920209002242,WIN
0.025,0.0025,threshold_only,2026-03-06,GNRC,LONG,LONG,0.039224602613703974,-0.016158883826879245,207.315,204.015,-0.01591780623688599,LOSS
0.025,0.0025,threshold_only,2026-03-06,GPN,LONG,LONG,0.049960385082088665,-0.005007153075822668,76.505,76.395,-0.0014378145219267058,LOSS
0.025,0.0025,threshold_only,2026-03-06,HCA,LONG,LONG,0.03321544014727418,-0.009183923885753176,524.865,532.665,0.01486096424794936,WIN
0.025,0.0025,threshold_only,2026-03-06,HII,SHORT,SHORT,-0.031133475099232033,0.004011783866641139,419.195,429.06,-0.02353320053912859,LOSS
0.025,0.0025,threshold_only,2026-03-06,HLT,LONG,LONG,0.03664597398477687,-0.02063827310372346,294.45,298.74,0.014569536423841178,WIN
0.025,0.0025,threshold_only,2026-03-06,HOOD,LONG,LONG,0.09841791627330432,-0.00865162778774664,77.345,77.06,-0.003684788932704075,LOSS
0.025,0.0025,threshold_only,2026-03-06,HST,LONG,LONG,0.03372252201128467,-0.023226135783562918,19.135,19.215,0.004180820486020309,WIN
0.025,0.0025,threshold_only,2026-03-06,IBM,LONG,LONG,0.09288156339902298,-0.010924697619976609,253.5,258.81,0.020946745562130165,WIN
0.025,0.0025,threshold_only,2026-03-06,INTC,LONG,LONG,0.06906131254952919,-0.004140091753384811,44.5,43.43,-0.024044943820224707,LOSS
0.025,0.0025,threshold_only,2026-03-06,INTU,LONG,LONG,0.14977198150522275,-0.0063998634695793255,465.76,481.34,0.03345070422535201,WIN
0.025,0.0025,threshold_only,2026-03-06,IQV,LONG,LONG,0.028150690829380487,-0.018795422270487028,176.19,174.47,-0.009762188546455497,LOSS
0.025,0.0025,threshold_only,2026-03-06,KDP,SHORT,SHORT,-0.08308238823307657,0.004301075268817289,28.02,28.26,-0.008565310492505425,LOSS
0.025,0.0025,threshold_only,2026-03-06,KKR,LONG,LONG,0.12629610124907287,-0.03740728797162207,89.55,91.31,0.019653824678950382,WIN
0.025,0.0025,threshold_only,2026-03-06,KLAC,SHORT,SHORT,-0.03502725410463803,0.005117759388924226,1381.66,1344.045,0.027224498067541947,WIN
0.025,0.0025,threshold_only,2026-03-06,LITE,SHORT,SHORT,-0.066322308278705,0.010942651042856744,619.445,558.225,0.09883040463640844,WIN
0.025,0.0025,threshold_only,2026-03-06,LRCX,SHORT,SHORT,-0.046675620130333106,0.007687068210567416,207.12,199.25,0.037997296253379706,WIN
0.025,0.0025,threshold_only,2026-03-06,LYB,LONG,LONG,0.10842734654134589,-0.007715133531157381,66.88,67.14,0.0038875598086125507,WIN
0.025,0.0025,threshold_only,2026-03-06,MA,LONG,LONG,0.03574205057129065,-0.006077156813723561,516.82,522.22,0.010448512054487047,WIN
0.025,0.0025,threshold_only,2026-03-06,MAR,LONG,LONG,0.02665372484567663,-0.01985146002798588,318.71,323.88,0.016221643500360816,WIN
0.025,0.0025,threshold_only,2026-03-06,MET,LONG,LONG,0.0387225356525247,-0.017721518987341645,69.84,71.87,0.02906643757159233,WIN
0.025,0.0025,threshold_only,2026-03-06,META,LONG,LONG,0.038277318310478314,-0.011600802716887904,640.285,644.8,0.007051547357817212,WIN
0.025,0.0025,threshold_only,2026-03-06,MGM,LONG,LONG,0.05947986213801015,-0.0190555095277547,35.52,35.585,0.001829954954954971,WIN
0.025,0.0025,threshold_only,2026-03-06,MKC,SHORT,SHORT,-0.07349088834093642,0.006230769230769262,65.405,64.86,0.008332696277043066,WIN
0.025,0.0025,threshold_only,2026-03-06,MOS,SHORT,SHORT,-0.07020753686991044,0.004132231404958553,26.73,26.31,0.01571268237934911,WIN
0.025,0.0025,threshold_only,2026-03-06,MRVL,SHORT,SHORT,-0.05126109394666434,0.03328595119639899,87.23,89.52,-0.02625243608850157,LOSS
0.025,0.0025,threshold_only,2026-03-06,NFLX,LONG,LONG,0.046808946469584445,-0.0067917693816975655,98.71,99.01,0.003039205754229668,WIN
0.025,0.0025,threshold_only,2026-03-06,NTAP,LONG,LONG,0.059389119802681245,-0.003449310137972339,99.675,101.08,0.014095811387007773,WIN
0.025,0.0025,threshold_only,2026-03-06,OXY,SHORT,SHORT,-0.06233019108224547,0.007285806511112991,54.61,54.185,0.007782457425379915,WIN
0.025,0.0025,threshold_only,2026-03-06,PCG,SHORT,SHORT,-0.03284161798908236,0.0033277870216306127,18.09,18.155,-0.003593145384190231,LOSS
0.025,0.0025,threshold_only,2026-03-06,PNC,LONG,LONG,0.030445037062837965,-0.014271250180801331,204.45,206.09,0.008021521154316424,WIN
0.025,0.0025,threshold_only,2026-03-06,PRU,LONG,LONG,0.029341168942671247,-0.015193798449612439,95.28,97.09,0.01899664147774982,WIN
0.025,0.0025,threshold_only,2026-03-06,PTC,LONG,LONG,0.05056073902857916,-0.004714093302314204,162.57,162.62,0.000307559820385217,WIN
0.025,0.0025,threshold_only,2026-03-06,PYPL,LONG,LONG,0.0852381550154735,-0.0026438240270727498,47.155,46.97,-0.003923231894815027,LOSS
0.025,0.0025,threshold_only,2026-03-06,Q,SHORT,SHORT,-0.04496217573481842,0.010026857654431343,112.82,110.115,0.023976245346569742,WIN
0.025,0.0025,threshold_only,2026-03-06,RF,LONG,LONG,0.03520231817780006,-0.010063361908311586,26.56,27.03,0.017695783132530174,WIN
0.025,0.0025,threshold_only,2026-03-06,RJF,LONG,LONG,0.032407378714955026,-0.009274324764074304,152.225,152.065,-0.0010510757102972779,LOSS
0.025,0.0025,threshold_only,2026-03-06,ROP,LONG,LONG,0.05704348159084871,-0.003575425093479634,365.08,367.45,0.006491727840473249,WIN
0.025,0.0025,threshold_only,2026-03-06,RVTY,LONG,LONG,0.0531342226433289,-0.007865287162162171,93.975,91.37,-0.027720138334663358,LOSS
0.025,0.0025,threshold_only,2026-03-06,SBUX,LONG,LONG,0.03086449823933557,-0.0030857848179386416,96.92,99.0,0.02146099876186547,WIN
0.025,0.0025,threshold_only,2026-03-06,TMO,LONG,LONG,0.027964802651347043,-0.012422662360403125,507.595,502.2,-0.010628552290704252,LOSS
0.025,0.0025,threshold_only,2026-03-06,TSLA,LONG,LONG,0.045570091080502806,-0.006604970051609205,395.555,396.63,0.0027177004462084486,WIN
0.025,0.0025,threshold_only,2026-03-06,TTWO,LONG,LONG,0.026164136988156672,-0.006566515495087022,210.29,211.45,0.005516191925436287,WIN
0.025,0.0025,threshold_only,2026-03-06,TYL,LONG,LONG,0.04603171542514772,-0.00681178534038529,365.24,374.39,0.02505202058920153,WIN
0.025,0.0025,threshold_only,2026-03-06,URI,LONG,LONG,0.06106606819844185,-0.010479969093596053,806.82,809.82,0.0037183014798840563,WIN
0.025,0.0025,threshold_only,2026-03-06,VRSN,LONG,LONG,0.052091222106218416,-0.008286716206061584,237.555,243.87,0.026583317547515195,WIN
0.025,0.0025,threshold_only,2026-03-06,VRT,LONG,LONG,0.04357718281678147,-0.005118045236916058,241.04,241.83,0.0032774643212745147,WIN
0.025,0.0025,threshold_only,2026-03-06,WDAY,LONG,LONG,0.09349165385183622,-0.010309278350515538,145.92,151.05,0.03515625000000022,WIN
0.025,0.0025,threshold_only,2026-03-06,WFC,LONG,LONG,0.0400539578234016,-0.022592152199762072,78.09,80.39,0.029453195031374113,WIN
0.025,0.0025,threshold_only,2026-03-06,WYNN,LONG,LONG,0.030267673229063652,-0.0069342709248949586,101.68,101.63,-0.0004917387883557334,LOSS
0.025,0.0025,threshold_only,2026-03-06,ZBRA,LONG,LONG,0.06385361764292052,-0.010321608930628168,223.41,219.65,-0.01683004341793115,LOSS
