mode,threshold,trading_date,symbol,direction,opening_return_10m,entry_price,exit_price,trade_return,result
confirmation,0.0015,2026-03-02,APO,LONG,0.017337643255950663,103.86,106.46,0.025033699210475602,WIN
confirmation,0.0015,2026-03-02,APP,LONG,0.015263711064398944,425.03,432.835,0.018363409641672268,WIN
confirmation,0.0015,2026-03-02,BAC,LONG,0.006558721049395366,49.11,49.79,0.013846467114640548,WIN
confirmation,0.0015,2026-03-02,BX,LONG,0.031459655485040816,113.77,115.29,0.013360288300958256,WIN
confirmation,0.0015,2026-03-02,F,SHORT,-0.02769784172661871,13.515,13.37,0.01072881982981882,WIN
confirmation,0.0015,2026-03-02,FFIV,LONG,0.003009934630867628,271.585,277.95,0.02343649317893104,WIN
confirmation,0.0015,2026-03-02,LYB,LONG,0.025600561108188646,58.49,57.88,-0.010429133185159811,LOSS
confirmation,0.0015,2026-03-02,MAS,SHORT,-0.03751903641146348,69.52,69.795,-0.003955696202531727,LOSS
confirmation,0.0015,2026-03-02,TEL,SHORT,-0.012179401698004244,222.23,211.885,0.046550870719524816,WIN
confirmation,0.0015,2026-03-02,WDAY,LONG,0.029408416499070222,135.64,133.995,-0.012127690946623249,LOSS
confirmation,0.0015,2026-03-02,WFC,LONG,0.0025784541852713616,79.71,82.54,0.03550370091582011,WIN
confirmation,0.0015,2026-03-02,XYZ,LONG,0.016762530813475784,61.87,64.42,0.041215451753677135,WIN
confirmation,0.0015,2026-03-03,COHR,SHORT,-0.011125061030899053,283.55,280.63,0.010298007406101272,WIN
confirmation,0.0015,2026-03-03,LITE,SHORT,-0.026105545886835002,710.68,693.6,0.024033320200371376,WIN
confirmation,0.0015,2026-03-03,LRCX,SHORT,-0.00728687022218244,222.06,217.32,0.021345582275060834,WIN
confirmation,0.0015,2026-03-03,WDAY,LONG,0.0032238716449244365,133.81,143.625,0.07335027277482986,WIN
confirmation,0.0015,2026-03-04,APP,LONG,0.0346611484738748,460.0,482.88,0.04973913043478251,WIN
confirmation,0.0015,2026-03-04,BX,LONG,0.011183680773016125,113.02,114.13,0.009821270571580332,WIN
confirmation,0.0015,2026-03-04,COHR,SHORT,-0.036678423658685455,284.045,274.81,0.03251245401256848,WIN
confirmation,0.0015,2026-03-04,LITE,SHORT,-0.046718285021492445,691.93,680.18,0.016981486566560202,WIN
confirmation,0.0015,2026-03-04,LRCX,SHORT,-0.0021411345759426714,221.37,222.97,-0.007227718299679244,LOSS
confirmation,0.0015,2026-03-04,MAS,SHORT,-0.012794268167860778,67.515,68.45,-0.013848774346441566,LOSS
confirmation,0.0015,2026-03-05,APO,LONG,0.01905369678183977,111.78,111.22,-0.005009840758633088,LOSS
confirmation,0.0015,2026-03-05,APP,LONG,0.03524374176548095,502.88,508.71,0.011593223035316624,WIN
confirmation,0.0015,2026-03-05,BAC,LONG,0.010830324909747224,50.4,49.78,-0.012301587301587258,LOSS
confirmation,0.0015,2026-03-05,BX,LONG,0.023738086833745342,116.01,115.53,-0.004137574347039097,LOSS
confirmation,0.0015,2026-03-05,COHR,SHORT,-0.017931086882194358,258.51,253.78,0.018297164519747746,WIN
confirmation,0.0015,2026-03-05,F,SHORT,-0.0067034700315457,12.595,12.34,0.020246129416435155,WIN
confirmation,0.0015,2026-03-05,FFIV,LONG,0.002469484230579466,284.16,283.68,-0.0016891891891892552,LOSS
confirmation,0.0015,2026-03-05,LYB,LONG,0.025237575946409185,65.81,65.855,0.0006837866585625019,WIN
confirmation,0.0015,2026-03-05,WDAY,LONG,0.018366711632250787,147.21,147.18,-0.00020379050336249982,LOSS
confirmation,0.0015,2026-03-05,WFC,LONG,0.0023943493355680356,83.73,82.11,-0.019347903977069203,LOSS
confirmation,0.0015,2026-03-05,XYZ,LONG,0.03694847269361334,67.215,67.365,0.0022316447221601976,WIN
confirmation,0.0015,2026-03-06,F,SHORT,-0.006573541495480728,12.09,12.14,-0.0041356492969396785,LOSS
confirmation,0.0015,2026-03-06,MAS,SHORT,-0.015855572998430212,62.69,63.665,-0.015552719732014698,LOSS
confirmation,0.0015,2026-03-06,TEL,SHORT,-0.004965002785245476,205.42,206.02,-0.0029208450978484217,LOSS
confirmation,0.0025,2026-03-02,APO,LONG,0.017337643255950663,103.86,106.46,0.025033699210475602,WIN
confirmation,0.0025,2026-03-02,APP,LONG,0.015263711064398944,425.03,432.835,0.018363409641672268,WIN
confirmation,0.0025,2026-03-02,BAC,LONG,0.006558721049395366,49.11,49.79,0.013846467114640548,WIN
confirmation,0.0025,2026-03-02,BX,LONG,0.031459655485040816,113.77,115.29,0.013360288300958256,WIN
confirmation,0.0025,2026-03-02,F,SHORT,-0.02769784172661871,13.515,13.37,0.01072881982981882,WIN
confirmation,0.0025,2026-03-02,FFIV,LONG,0.003009934630867628,271.585,277.95,0.02343649317893104,WIN
confirmation,0.0025,2026-03-02,LYB,LONG,0.025600561108188646,58.49,57.88,-0.010429133185159811,LOSS
confirmation,0.0025,2026-03-02,MAS,SHORT,-0.03751903641146348,69.52,69.795,-0.003955696202531727,LOSS
confirmation,0.0025,2026-03-02,TEL,SHORT,-0.012179401698004244,222.23,211.885,0.046550870719524816,WIN
confirmation,0.0025,2026-03-02,WDAY,LONG,0.029408416499070222,135.64,133.995,-0.012127690946623249,LOSS
confirmation,0.0025,2026-03-02,WFC,LONG,0.0025784541852713616,79.71,82.54,0.03550370091582011,WIN
confirmation,0.0025,2026-03-02,XYZ,LONG,0.016762530813475784,61.87,64.42,0.041215451753677135,WIN
confirmation,0.0025,2026-03-03,COHR,SHORT,-0.011125061030899053,283.55,280.63,0.010298007406101272,WIN
confirmation,0.0025,2026-03-03,LITE,SHORT,-0.026105545886835002,710.68,693.6,0.024033320200371376,WIN
confirmation,0.0025,2026-03-03,LRCX,SHORT,-0.00728687022218244,222.06,217.32,0.021345582275060834,WIN
confirmation,0.0025,2026-03-03,WDAY,LONG,0.0032238716449244365,133.81,143.625,0.07335027277482986,WIN
confirmation,0.0025,2026-03-04,APP,LONG,0.0346611484738748,460.0,482.88,0.04973913043478251,WIN
confirmation,0.0025,2026-03-04,BX,LONG,0.011183680773016125,113.02,114.13,0.009821270571580332,WIN
confirmation,0.0025,2026-03-04,COHR,SHORT,-0.036678423658685455,284.045,274.81,0.03251245401256848,WIN
confirmation,0.0025,2026-03-04,LITE,SHORT,-0.046718285021492445,691.93,680.18,0.016981486566560202,WIN
confirmation,0.0025,2026-03-04,MAS,SHORT,-0.012794268167860778,67.515,68.45,-0.013848774346441566,LOSS
confirmation,0.0025,2026-03-05,APO,LONG,0.01905369678183977,111.78,111.22,-0.005009840758633088,LOSS
confirmation,0.0025,2026-03-05,APP,LONG,0.03524374176548095,502.88,508.71,0.011593223035316624,WIN
confirmation,0.0025,2026-03-05,BAC,LONG,0.010830324909747224,50.4,49.78,-0.012301587301587258,LOSS
confirmation,0.0025,2026-03-05,BX,LONG,0.023738086833745342,116.01,115.53,-0.004137574347039097,LOSS
confirmation,0.0025,2026-03-05,COHR,SHORT,-0.017931086882194358,258.51,253.78,0.018297164519747746,WIN
confirmation,0.0025,2026-03-05,F,SHORT,-0.0067034700315457,12.595,12.34,0.020246129416435155,WIN
confirmation,0.0025,2026-03-05,LYB,LONG,0.025237575946409185,65.81,65.855,0.0006837866585625019,WIN
confirmation,0.0025,2026-03-05,WDAY,LONG,0.018366711632250787,147.21,147.18,-0.00020379050336249982,LOSS
confirmation,0.0025,2026-03-05,XYZ,LONG,0.03694847269361334,67.215,67.365,0.0022316447221601976,WIN
confirmation,0.0025,2026-03-06,F,SHORT,-0.006573541495480728,12.09,12.14,-0.0041356492969396785,LOSS
confirmation,0.0025,2026-03-06,MAS,SHORT,-0.015855572998430212,62.69,63.665,-0.015552719732014698,LOSS
confirmation,0.0025,2026-03-06,TEL,SHORT,-0.004965002785245476,205.42,206.02,-0.0029208450978484217,LOSS
confirmation,0.0035,2026-03-02,APO,LONG,0.017337643255950663,103.86,106.46,0.025033699210475602,WIN
confirmation,0.0035,2026-03-02,APP,LONG,0.015263711064398944,425.03,432.835,0.018363409641672268,WIN
confirmation,0.0035,2026-03-02,BAC,LONG,0.006558721049395366,49.11,49.79,0.013846467114640548,WIN
confirmation,0.0035,2026-03-02,BX,LONG,0.031459655485040816,113.77,115.29,0.013360288300958256,WIN
confirmation,0.0035,2026-03-02,F,SHORT,-0.02769784172661871,13.515,13.37,0.01072881982981882,WIN
confirmation,0.0035,2026-03-02,LYB,LONG,0.025600561108188646,58.49,57.88,-0.010429133185159811,LOSS
confirmation,0.0035,2026-03-02,MAS,SHORT,-0.03751903641146348,69.52,69.795,-0.003955696202531727,LOSS
confirmation,0.0035,2026-03-02,TEL,SHORT,-0.012179401698004244,222.23,211.885,0.046550870719524816,WIN
confirmation,0.0035,2026-03-02,WDAY,LONG,0.029408416499070222,135.64,133.995,-0.012127690946623249,LOSS
confirmation,0.0035,2026-03-02,XYZ,LONG,0.016762530813475784,61.87,64.42,0.041215451753677135,WIN
confirmation,0.0035,2026-03-03,COHR,SHORT,-0.011125061030899053,283.55,280.63,0.010298007406101272,WIN
confirmation,0.0035,2026-03-03,LITE,SHORT,-0.026105545886835002,710.68,693.6,0.024033320200371376,WIN
confirmation,0.0035,2026-03-03,LRCX,SHORT,-0.00728687022218244,222.06,217.32,0.021345582275060834,WIN
confirmation,0.0035,2026-03-04,APP,LONG,0.0346611484738748,460.0,482.88,0.04973913043478251,WIN
confirmation,0.0035,2026-03-04,BX,LONG,0.011183680773016125,113.02,114.13,0.009821270571580332,WIN
confirmation,0.0035,2026-03-04,COHR,SHORT,-0.036678423658685455,284.045,274.81,0.03251245401256848,WIN
confirmation,0.0035,2026-03-04,LITE,SHORT,-0.046718285021492445,691.93,680.18,0.016981486566560202,WIN
confirmation,0.0035,2026-03-04,MAS,SHORT,-0.012794268167860778,67.515,68.45,-0.013848774346441566,LOSS
confirmation,0.0035,2026-03-05,APO,LONG,0.01905369678183977,111.78,111.22,-0.005009840758633088,LOSS
confirmation,0.0035,2026-03-05,APP,LONG,0.03524374176548095,502.88,508.71,0.011593223035316624,WIN
confirmation,0.0035,2026-03-05,BAC,LONG,0.010830324909747224,50.4,49.78,-0.012301587301587258,LOSS
confirmation,0.0035,2026-03-05,BX,LONG,0.023738086833745342,116.01,115.53,-0.004137574347039097,LOSS
confirmation,0.0035,2026-03-05,COHR,SHORT,-0.017931086882194358,258.51,253.78,0.018297164519747746,WIN
confirmation,0.0035,2026-03-05,F,SHORT,-0.0067034700315457,12.595,12.34,0.020246129416435155,WIN
confirmation,0.0035,2026-03-05,LYB,LONG,0.025237575946409185,65.81,65.855,0.0006837866585625019,WIN
confirmation,0.0035,2026-03-05,WDAY,LONG,0.018366711632250787,147.21,147.18,-0.00020379050336249982,LOSS
confirmation,0.0035,2026-03-05,XYZ,LONG,0.03694847269361334,67.215,67.365,0.0022316447221601976,WIN
confirmation,0.0035,2026-03-06,F,SHORT,-0.006573541495480728,12.09,12.14,-0.0041356492969396785,LOSS
confirmation,0.0035,2026-03-06,MAS,SHORT,-0.015855572998430212,62.69,63.665,-0.015552719732014698,LOSS
confirmation,0.0035,2026-03-06,TEL,SHORT,-0.004965002785245476,205.42,206.02,-0.0029208450978484217,LOSS
confirmation,0.005,2026-03-02,APO,LONG,0.017337643255950663,103.86,106.46,0.025033699210475602,WIN
confirmation,0.005,2026-03-02,APP,LONG,0.015263711064398944,425.03,432.835,0.018363409641672268,WIN
confirmation,0.005,2026-03-02,BAC,LONG,0.006558721049395366,49.11,49.79,0.013846467114640548,WIN
confirmation,0.005,2026-03-02,BX,LONG,0.031459655485040816,113.77,115.29,0.013360288300958256,WIN
confirmation,0.005,2026-03-02,F,SHORT,-0.02769784172661871,13.515,13.37,0.01072881982981882,WIN
confirmation,0.005,2026-03-02,LYB,LONG,0.025600561108188646,58.49,57.88,-0.010429133185159811,LOSS
confirmation,0.005,2026-03-02,MAS,SHORT,-0.03751903641146348,69.52,69.795,-0.003955696202531727,LOSS
confirmation,0.005,2026-03-02,TEL,SHORT,-0.012179401698004244,222.23,211.885,0.046550870719524816,WIN
confirmation,0.005,2026-03-02,WDAY,LONG,0.029408416499070222,135.64,133.995,-0.012127690946623249,LOSS
confirmation,0.005,2026-03-02,XYZ,LONG,0.016762530813475784,61.87,64.42,0.041215451753677135,WIN
confirmation,0.005,2026-03-03,COHR,SHORT,-0.011125061030899053,283.55,280.63,0.010298007406101272,WIN
confirmation,0.005,2026-03-03,LITE,SHORT,-0.026105545886835002,710.68,693.6,0.024033320200371376,WIN
confirmation,0.005,2026-03-03,LRCX,SHORT,-0.00728687022218244,222.06,217.32,0.021345582275060834,WIN
confirmation,0.005,2026-03-04,APP,LONG,0.0346611484738748,460.0,482.88,0.04973913043478251,WIN
confirmation,0.005,2026-03-04,BX,LONG,0.011183680773016125,113.02,114.13,0.009821270571580332,WIN
confirmation,0.005,2026-03-04,COHR,SHORT,-0.036678423658685455,284.045,274.81,0.03251245401256848,WIN
confirmation,0.005,2026-03-04,LITE,SHORT,-0.046718285021492445,691.93,680.18,0.016981486566560202,WIN
confirmation,0.005,2026-03-04,MAS,SHORT,-0.012794268167860778,67.515,68.45,-0.013848774346441566,LOSS
confirmation,0.005,2026-03-05,APO,LONG,0.01905369678183977,111.78,111.22,-0.005009840758633088,LOSS
confirmation,0.005,2026-03-05,APP,LONG,0.03524374176548095,502.88,508.71,0.011593223035316624,WIN
confirmation,0.005,2026-03-05,BAC,LONG,0.010830324909747224,50.4,49.78,-0.012301587301587258,LOSS
confirmation,0.005,2026-03-05,BX,LONG,0.023738086833745342,116.01,115.53,-0.004137574347039097,LOSS
confirmation,0.005,2026-03-05,COHR,SHORT,-0.017931086882194358,258.51,253.78,0.018297164519747746,WIN
confirmation,0.005,2026-03-05,F,SHORT,-0.0067034700315457,12.595,12.34,0.020246129416435155,WIN
confirmation,0.005,2026-03-05,LYB,LONG,0.025237575946409185,65.81,65.855,0.0006837866585625019,WIN
confirmation,0.005,2026-03-05,WDAY,LONG,0.018366711632250787,147.21,147.18,-0.00020379050336249982,LOSS
confirmation,0.005,2026-03-05,XYZ,LONG,0.03694847269361334,67.215,67.365,0.0022316447221601976,WIN
confirmation,0.005,2026-03-06,F,SHORT,-0.006573541495480728,12.09,12.14,-0.0041356492969396785,LOSS
confirmation,0.005,2026-03-06,MAS,SHORT,-0.015855572998430212,62.69,63.665,-0.015552719732014698,LOSS
confirmation,0.0075,2026-03-02,APO,LONG,0.017337643255950663,103.86,106.46,0.025033699210475602,WIN
confirmation,0.0075,2026-03-02,APP,LONG,0.015263711064398944,425.03,432.835,0.018363409641672268,WIN
confirmation,0.0075,2026-03-02,BX,LONG,0.031459655485040816,113.77,115.29,0.013360288300958256,WIN
confirmation,0.0075,2026-03-02,F,SHORT,-0.02769784172661871,13.515,13.37,0.01072881982981882,WIN
confirmation,0.0075,2026-03-02,LYB,LONG,0.025600561108188646,58.49,57.88,-0.010429133185159811,LOSS
confirmation,0.0075,2026-03-02,MAS,SHORT,-0.03751903641146348,69.52,69.795,-0.003955696202531727,LOSS
confirmation,0.0075,2026-03-02,TEL,SHORT,-0.012179401698004244,222.23,211.885,0.046550870719524816,WIN
confirmation,0.0075,2026-03-02,WDAY,LONG,0.029408416499070222,135.64,133.995,-0.012127690946623249,LOSS
confirmation,0.0075,2026-03-02,XYZ,LONG,0.016762530813475784,61.87,64.42,0.041215451753677135,WIN
confirmation,0.0075,2026-03-03,COHR,SHORT,-0.011125061030899053,283.55,280.63,0.010298007406101272,WIN
confirmation,0.0075,2026-03-03,LITE,SHORT,-0.026105545886835002,710.68,693.6,0.024033320200371376,WIN
confirmation,0.0075,2026-03-04,APP,LONG,0.0346611484738748,460.0,482.88,0.04973913043478251,WIN
confirmation,0.0075,2026-03-04,BX,LONG,0.011183680773016125,113.02,114.13,0.009821270571580332,WIN
confirmation,0.0075,2026-03-04,COHR,SHORT,-0.036678423658685455,284.045,274.81,0.03251245401256848,WIN
confirmation,0.0075,2026-03-04,LITE,SHORT,-0.046718285021492445,691.93,680.18,0.016981486566560202,WIN
confirmation,0.0075,2026-03-04,MAS,SHORT,-0.012794268167860778,67.515,68.45,-0.013848774346441566,LOSS
confirmation,0.0075,2026-03-05,APO,LONG,0.01905369678183977,111.78,111.22,-0.005009840758633088,LOSS
confirmation,0.0075,2026-03-05,APP,LONG,0.03524374176548095,502.88,508.71,0.011593223035316624,WIN
confirmation,0.0075,2026-03-05,BAC,LONG,0.010830324909747224,50.4,49.78,-0.012301587301587258,LOSS
confirmation,0.0075,2026-03-05,BX,LONG,0.023738086833745342,116.01,115.53,-0.004137574347039097,LOSS
confirmation,0.0075,2026-03-05,COHR,SHORT,-0.017931086882194358,258.51,253.78,0.018297164519747746,WIN
confirmation,0.0075,2026-03-05,LYB,LONG,0.025237575946409185,65.81,65.855,0.0006837866585625019,WIN
confirmation,0.0075,2026-03-05,WDAY,LONG,0.018366711632250787,147.21,147.18,-0.00020379050336249982,LOSS
confirmation,0.0075,2026-03-05,XYZ,LONG,0.03694847269361334,67.215,67.365,0.0022316447221601976,WIN
confirmation,0.0075,2026-03-06,MAS,SHORT,-0.015855572998430212,62.69,63.665,-0.015552719732014698,LOSS
confirmation,0.01,2026-03-02,APO,LONG,0.017337643255950663,103.86,106.46,0.025033699210475602,WIN
confirmation,0.01,2026-03-02,APP,LONG,0.015263711064398944,425.03,432.835,0.018363409641672268,WIN
confirmation,0.01,2026-03-02,BX,LONG,0.031459655485040816,113.77,115.29,0.013360288300958256,WIN
confirmation,0.01,2026-03-02,F,SHORT,-0.02769784172661871,13.515,13.37,0.01072881982981882,WIN
confirmation,0.01,2026-03-02,LYB,LONG,0.025600561108188646,58.49,57.88,-0.010429133185159811,LOSS
confirmation,0.01,2026-03-02,MAS,SHORT,-0.03751903641146348,69.52,69.795,-0.003955696202531727,LOSS
confirmation,0.01,2026-03-02,TEL,SHORT,-0.012179401698004244,222.23,211.885,0.046550870719524816,WIN
confirmation,0.01,2026-03-02,WDAY,LONG,0.029408416499070222,135.64,133.995,-0.012127690946623249,LOSS
confirmation,0.01,2026-03-02,XYZ,LONG,0.016762530813475784,61.87,64.42,0.041215451753677135,WIN
confirmation,0.01,2026-03-03,COHR,SHORT,-0.011125061030899053,283.55,280.63,0.010298007406101272,WIN
confirmation,0.01,2026-03-03,LITE,SHORT,-0.026105545886835002,710.68,693.6,0.024033320200371376,WIN
confirmation,0.01,2026-03-04,APP,LONG,0.0346611484738748,460.0,482.88,0.04973913043478251,WIN
confirmation,0.01,2026-03-04,BX,LONG,0.011183680773016125,113.02,114.13,0.009821270571580332,WIN
confirmation,0.01,2026-03-04,COHR,SHORT,-0.036678423658685455,284.045,274.81,0.03251245401256848,WIN
confirmation,0.01,2026-03-04,LITE,SHORT,-0.046718285021492445,691.93,680.18,0.016981486566560202,WIN
confirmation,0.01,2026-03-04,MAS,SHORT,-0.012794268167860778,67.515,68.45,-0.013848774346441566,LOSS
confirmation,0.01,2026-03-05,APO,LONG,0.01905369678183977,111.78,111.22,-0.005009840758633088,LOSS
confirmation,0.01,2026-03-05,APP,LONG,0.03524374176548095,502.88,508.71,0.011593223035316624,WIN
confirmation,0.01,2026-03-05,BAC,LONG,0.010830324909747224,50.4,49.78,-0.012301587301587258,LOSS
confirmation,0.01,2026-03-05,BX,LONG,0.023738086833745342,116.01,115.53,-0.004137574347039097,LOSS
confirmation,0.01,2026-03-05,COHR,SHORT,-0.017931086882194358,258.51,253.78,0.018297164519747746,WIN
confirmation,0.01,2026-03-05,LYB,LONG,0.025237575946409185,65.81,65.855,0.0006837866585625019,WIN
confirmation,0.01,2026-03-05,WDAY,LONG,0.018366711632250787,147.21,147.18,-0.00020379050336249982,LOSS
confirmation,0.01,2026-03-05,XYZ,LONG,0.03694847269361334,67.215,67.365,0.0022316447221601976,WIN
confirmation,0.01,2026-03-06,MAS,SHORT,-0.015855572998430212,62.69,63.665,-0.015552719732014698,LOSS
reversal,0.0015,2026-03-02,COHR,SHORT,0.029804465197723617,282.29,298.76,-0.05834425590704584,LOSS
reversal,0.0015,2026-03-02,LITE,SHORT,0.001678970231591359,751.72,783.42,-0.04216995689884522,LOSS
reversal,0.0015,2026-03-02,LRCX,SHORT,0.007720828789531176,231.02,230.88,0.000606008137823629,WIN
reversal,0.0015,2026-03-03,APO,LONG,-0.0038488108161452983,100.94,107.11,0.0611254210422032,WIN
reversal,0.0015,2026-03-03,APP,LONG,-0.004447497830488811,412.995,439.14,0.06330585116042564,WIN
reversal,0.0015,2026-03-03,BX,LONG,-0.019170506912442375,106.42,110.915,0.04223830107122728,WIN
reversal,0.0015,2026-03-03,F,SHORT,0.006130268199233679,13.13,12.715,0.031607006854531675,WIN
reversal,0.0015,2026-03-03,MAS,SHORT,0.006631299734747964,68.31,68.03,0.004098960620699767,WIN
reversal,0.0015,2026-03-03,TEL,SHORT,0.011754334410813971,206.58,204.27,0.011182108626198093,WIN
reversal,0.0015,2026-03-03,WFC,LONG,-0.008333847768380864,80.32,82.485,0.026954681274900416,WIN
reversal,0.0015,2026-03-03,XYZ,LONG,-0.014117832636643346,62.5,62.84,0.005440000000000111,WIN
reversal,0.0015,2026-03-04,BAC,LONG,-0.010997800439911942,49.46,50.28,0.01657905378083302,WIN
reversal,0.0015,2026-03-04,F,SHORT,0.015063731170336103,13.14,12.81,0.025114155251141558,WIN
reversal,0.0015,2026-03-04,FFIV,LONG,-0.004974768261694407,278.02,286.285,0.029728077116754292,WIN
reversal,0.0015,2026-03-04,LYB,LONG,-0.008534136546184734,59.25,61.925,0.045147679324894385,WIN
reversal,0.0015,2026-03-04,TEL,SHORT,0.011379835221918988,209.3,209.11,0.0009077878643095925,WIN
reversal,0.0015,2026-03-04,WDAY,LONG,-0.004368932038834927,143.57,143.1,-0.003273664414571331,LOSS
reversal,0.0015,2026-03-04,WFC,LONG,-0.002535619415599988,82.61,83.91,0.015736593632732054,WIN
reversal,0.0015,2026-03-04,XYZ,LONG,-0.009112333071484624,63.07,65.25,0.03456476930394792,WIN
reversal,0.0015,2026-03-05,LITE,SHORT,0.024493784692361853,655.215,651.095,0.0062880123318300165,WIN
reversal,0.0015,2026-03-05,LRCX,SHORT,0.004301468905871131,219.47,214.72,0.021643049163894836,WIN
reversal,0.0015,2026-03-05,MAS,SHORT,0.009090237233020382,68.27,65.3,0.04350373516918118,WIN
reversal,0.0015,2026-03-05,TEL,SHORT,0.015033720494567193,216.73,210.595,0.028307110229317544,WIN
reversal,0.0015,2026-03-06,APO,LONG,-0.021018367821436956,105.265,108.695,0.032584429772478885,WIN
reversal,0.0015,2026-03-06,APP,LONG,-0.019900939300655063,496.675,502.53,0.01178839281220112,WIN
reversal,0.0015,2026-03-06,BAC,LONG,-0.018537590113285263,47.65,48.61,0.020146904512067243,WIN
reversal,0.0015,2026-03-06,BX,LONG,-0.02626441881100272,109.74,110.43,0.006287588846364267,WIN
reversal,0.0015,2026-03-06,COHR,SHORT,0.020690376569037605,243.945,235.59,0.03424952345815651,WIN
reversal,0.0015,2026-03-06,FFIV,LONG,-0.0028105069722190734,276.75,286.21,0.03418247515808481,WIN
reversal,0.0015,2026-03-06,LITE,SHORT,0.010942651042856744,619.445,558.225,0.09883040463640844,WIN
reversal,0.0015,2026-03-06,LRCX,SHORT,0.007687068210567416,207.12,199.25,0.037997296253379706,WIN
reversal,0.0015,2026-03-06,LYB,LONG,-0.007715133531157381,66.88,67.14,0.0038875598086125507,WIN
reversal,0.0015,2026-03-06,WDAY,LONG,-0.010309278350515538,145.92,151.05,0.03515625000000022,WIN
reversal,0.0015,2026-03-06,WFC,LONG,-0.022592152199762072,78.09,80.39,0.029453195031374113,WIN
reversal,0.0025,2026-03-02,COHR,SHORT,0.029804465197723617,282.29,298.76,-0.05834425590704584,LOSS
reversal,0.0025,2026-03-02,LRCX,SHORT,0.007720828789531176,231.02,230.88,0.000606008137823629,WIN
reversal,0.0025,2026-03-03,APO,LONG,-0.0038488108161452983,100.94,107.11,0.0611254210422032,WIN
reversal,0.0025,2026-03-03,APP,LONG,-0.004447497830488811,412.995,439.14,0.06330585116042564,WIN
reversal,0.0025,2026-03-03,BX,LONG,-0.019170506912442375,106.42,110.915,0.04223830107122728,WIN
reversal,0.0025,2026-03-03,F,SHORT,0.006130268199233679,13.13,12.715,0.031607006854531675,WIN
reversal,0.0025,2026-03-03,MAS,SHORT,0.006631299734747964,68.31,68.03,0.004098960620699767,WIN
reversal,0.0025,2026-03-03,TEL,SHORT,0.011754334410813971,206.58,204.27,0.011182108626198093,WIN
reversal,0.0025,2026-03-03,WFC,LONG,-0.008333847768380864,80.32,82.485,0.026954681274900416,WIN
reversal,0.0025,2026-03-03,XYZ,LONG,-0.014117832636643346,62.5,62.84,0.005440000000000111,WIN
reversal,0.0025,2026-03-04,BAC,LONG,-0.010997800439911942,49.46,50.28,0.01657905378083302,WIN
reversal,0.0025,2026-03-04,F,SHORT,0.015063731170336103,13.14,12.81,0.025114155251141558,WIN
reversal,0.0025,2026-03-04,FFIV,LONG,-0.004974768261694407,278.02,286.285,0.029728077116754292,WIN
reversal,0.0025,2026-03-04,LYB,LONG,-0.008534136546184734,59.25,61.925,0.045147679324894385,WIN
reversal,0.0025,2026-03-04,TEL,SHORT,0.011379835221918988,209.3,209.11,0.0009077878643095925,WIN
reversal,0.0025,2026-03-04,WDAY,LONG,-0.004368932038834927,143.57,143.1,-0.003273664414571331,LOSS
reversal,0.0025,2026-03-04,WFC,LONG,-0.002535619415599988,82.61,83.91,0.015736593632732054,WIN
reversal,0.0025,2026-03-04,XYZ,LONG,-0.009112333071484624,63.07,65.25,0.03456476930394792,WIN
reversal,0.0025,2026-03-05,LITE,SHORT,0.024493784692361853,655.215,651.095,0.0062880123318300165,WIN
reversal,0.0025,2026-03-05,LRCX,SHORT,0.004301468905871131,219.47,214.72,0.021643049163894836,WIN
reversal,0.0025,2026-03-05,MAS,SHORT,0.009090237233020382,68.27,65.3,0.04350373516918118,WIN
reversal,0.0025,2026-03-05,TEL,SHORT,0.015033720494567193,216.73,210.595,0.028307110229317544,WIN
reversal,0.0025,2026-03-06,APO,LONG,-0.021018367821436956,105.265,108.695,0.032584429772478885,WIN
reversal,0.0025,2026-03-06,APP,LONG,-0.019900939300655063,496.675,502.53,0.01178839281220112,WIN
reversal,0.0025,2026-03-06,BAC,LONG,-0.018537590113285263,47.65,48.61,0.020146904512067243,WIN
reversal,0.0025,2026-03-06,BX,LONG,-0.02626441881100272,109.74,110.43,0.006287588846364267,WIN
reversal,0.0025,2026-03-06,COHR,SHORT,0.020690376569037605,243.945,235.59,0.03424952345815651,WIN
reversal,0.0025,2026-03-06,FFIV,LONG,-0.0028105069722190734,276.75,286.21,0.03418247515808481,WIN
reversal,0.0025,2026-03-06,LITE,SHORT,0.010942651042856744,619.445,558.225,0.09883040463640844,WIN
reversal,0.0025,2026-03-06,LRCX,SHORT,0.007687068210567416,207.12,199.25,0.037997296253379706,WIN
reversal,0.0025,2026-03-06,LYB,LONG,-0.007715133531157381,66.88,67.14,0.0038875598086125507,WIN
reversal,0.0025,2026-03-06,WDAY,LONG,-0.010309278350515538,145.92,151.05,0.03515625000000022,WIN
reversal,0.0025,2026-03-06,WFC,LONG,-0.022592152199762072,78.09,80.39,0.029453195031374113,WIN
reversal,0.0035,2026-03-02,COHR,SHORT,0.029804465197723617,282.29,298.76,-0.05834425590704584,LOSS
reversal,0.0035,2026-03-02,LRCX,SHORT,0.007720828789531176,231.02,230.88,0.000606008137823629,WIN
reversal,0.0035,2026-03-03,APO,LONG,-0.0038488108161452983,100.94,107.11,0.0611254210422032,WIN
reversal,0.0035,2026-03-03,APP,LONG,-0.004447497830488811,412.995,439.14,0.06330585116042564,WIN
reversal,0.0035,2026-03-03,BX,LONG,-0.019170506912442375,106.42,110.915,0.04223830107122728,WIN
reversal,0.0035,2026-03-03,F,SHORT,0.006130268199233679,13.13,12.715,0.031607006854531675,WIN
reversal,0.0035,2026-03-03,MAS,SHORT,0.006631299734747964,68.31,68.03,0.004098960620699767,WIN
reversal,0.0035,2026-03-03,TEL,SHORT,0.011754334410813971,206.58,204.27,0.011182108626198093,WIN
reversal,0.0035,2026-03-03,WFC,LONG,-0.008333847768380864,80.32,82.485,0.026954681274900416,WIN
reversal,0.0035,2026-03-03,XYZ,LONG,-0.014117832636643346,62.5,62.84,0.005440000000000111,WIN
reversal,0.0035,2026-03-04,BAC,LONG,-0.010997800439911942,49.46,50.28,0.01657905378083302,WIN
reversal,0.0035,2026-03-04,F,SHORT,0.015063731170336103,13.14,12.81,0.025114155251141558,WIN
reversal,0.0035,2026-03-04,FFIV,LONG,-0.004974768261694407,278.02,286.285,0.029728077116754292,WIN
reversal,0.0035,2026-03-04,LYB,LONG,-0.008534136546184734,59.25,61.925,0.045147679324894385,WIN
reversal,0.0035,2026-03-04,TEL,SHORT,0.011379835221918988,209.3,209.11,0.0009077878643095925,WIN
reversal,0.0035,2026-03-04,WDAY,LONG,-0.004368932038834927,143.57,143.1,-0.003273664414571331,LOSS
reversal,0.0035,2026-03-04,XYZ,LONG,-0.009112333071484624,63.07,65.25,0.03456476930394792,WIN
reversal,0.0035,2026-03-05,LITE,SHORT,0.024493784692361853,655.215,651.095,0.0062880123318300165,WIN
reversal,0.0035,2026-03-05,LRCX,SHORT,0.004301468905871131,219.47,214.72,0.021643049163894836,WIN
reversal,0.0035,2026-03-05,MAS,SHORT,0.009090237233020382,68.27,65.3,0.04350373516918118,WIN
reversal,0.0035,2026-03-05,TEL,SHORT,0.015033720494567193,216.73,210.595,0.028307110229317544,WIN
reversal,0.0035,2026-03-06,APO,LONG,-0.021018367821436956,105.265,108.695,0.032584429772478885,WIN
reversal,0.0035,2026-03-06,APP,LONG,-0.019900939300655063,496.675,502.53,0.01178839281220112,WIN
reversal,0.0035,2026-03-06,BAC,LONG,-0.018537590113285263,47.65,48.61,0.020146904512067243,WIN
reversal,0.0035,2026-03-06,BX,LONG,-0.02626441881100272,109.74,110.43,0.006287588846364267,WIN
reversal,0.0035,2026-03-06,COHR,SHORT,0.020690376569037605,243.945,235.59,0.03424952345815651,WIN
reversal,0.0035,2026-03-06,LITE,SHORT,0.010942651042856744,619.445,558.225,0.09883040463640844,WIN
reversal,0.0035,2026-03-06,LRCX,SHORT,0.007687068210567416,207.12,199.25,0.037997296253379706,WIN
reversal,0.0035,2026-03-06,LYB,LONG,-0.007715133531157381,66.88,67.14,0.0038875598086125507,WIN
reversal,0.0035,2026-03-06,WDAY,LONG,-0.010309278350515538,145.92,151.05,0.03515625000000022,WIN
reversal,0.0035,2026-03-06,WFC,LONG,-0.022592152199762072,78.09,80.39,0.029453195031374113,WIN
reversal,0.005,2026-03-02,COHR,SHORT,0.029804465197723617,282.29,298.76,-0.05834425590704584,LOSS
reversal,0.005,2026-03-02,LRCX,SHORT,0.007720828789531176,231.02,230.88,0.000606008137823629,WIN
reversal,0.005,2026-03-03,BX,LONG,-0.019170506912442375,106.42,110.915,0.04223830107122728,WIN
reversal,0.005,2026-03-03,F,SHORT,0.006130268199233679,13.13,12.715,0.031607006854531675,WIN
reversal,0.005,2026-03-03,MAS,SHORT,0.006631299734747964,68.31,68.03,0.004098960620699767,WIN
reversal,0.005,2026-03-03,TEL,SHORT,0.011754334410813971,206.58,204.27,0.011182108626198093,WIN
reversal,0.005,2026-03-03,WFC,LONG,-0.008333847768380864,80.32,82.485,0.026954681274900416,WIN
reversal,0.005,2026-03-03,XYZ,LONG,-0.014117832636643346,62.5,62.84,0.005440000000000111,WIN
reversal,0.005,2026-03-04,BAC,LONG,-0.010997800439911942,49.46,50.28,0.01657905378083302,WIN
reversal,0.005,2026-03-04,F,SHORT,0.015063731170336103,13.14,12.81,0.025114155251141558,WIN
reversal,0.005,2026-03-04,LYB,LONG,-0.008534136546184734,59.25,61.925,0.045147679324894385,WIN
reversal,0.005,2026-03-04,TEL,SHORT,0.011379835221918988,209.3,209.11,0.0009077878643095925,WIN
reversal,0.005,2026-03-04,XYZ,LONG,-0.009112333071484624,63.07,65.25,0.03456476930394792,WIN
reversal,0.005,2026-03-05,LITE,SHORT,0.024493784692361853,655.215,651.095,0.0062880123318300165,WIN
reversal,0.005,2026-03-05,MAS,SHORT,0.009090237233020382,68.27,65.3,0.04350373516918118,WIN
reversal,0.005,2026-03-05,TEL,SHORT,0.015033720494567193,216.73,210.595,0.028307110229317544,WIN
reversal,0.005,2026-03-06,APO,LONG,-0.021018367821436956,105.265,108.695,0.032584429772478885,WIN
reversal,0.005,2026-03-06,APP,LONG,-0.019900939300655063,496.675,502.53,0.01178839281220112,WIN
reversal,0.005,2026-03-06,BAC,LONG,-0.018537590113285263,47.65,48.61,0.020146904512067243,WIN
reversal,0.005,2026-03-06,BX,LONG,-0.02626441881100272,109.74,110.43,0.006287588846364267,WIN
reversal,0.005,2026-03-06,COHR,SHORT,0.020690376569037605,243.945,235.59,0.03424952345815651,WIN
reversal,0.005,2026-03-06,LITE,SHORT,0.010942651042856744,619.445,558.225,0.09883040463640844,WIN
reversal,0.005,2026-03-06,LRCX,SHORT,0.007687068210567416,207.12,199.25,0.037997296253379706,WIN
reversal,0.005,2026-03-06,LYB,LONG,-0.007715133531157381,66.88,67.14,0.0038875598086125507,WIN
reversal,0.005,2026-03-06,WDAY,LONG,-0.010309278350515538,145.92,151.05,0.03515625000000022,WIN
reversal,0.005,2026-03-06,WFC,LONG,-0.022592152199762072,78.09,80.39,0.029453195031374113,WIN
reversal,0.0075,2026-03-02,COHR,SHORT,0.029804465197723617,282.29,298.76,-0.05834425590704584,LOSS
reversal,0.0075,2026-03-02,LRCX,SHORT,0.007720828789531176,231.02,230.88,0.000606008137823629,WIN
reversal,0.0075,2026-03-03,BX,LONG,-0.019170506912442375,106.42,110.915,0.04223830107122728,WIN
reversal,0.0075,2026-03-03,TEL,SHORT,0.011754334410813971,206.58,204.27,0.011182108626198093,WIN
reversal,0.0075,2026-03-03,WFC,LONG,-0.008333847768380864,80.32,82.485,0.026954681274900416,WIN
reversal,0.0075,2026-03-03,XYZ,LONG,-0.014117832636643346,62.5,62.84,0.005440000000000111,WIN
reversal,0.0075,2026-03-04,BAC,LONG,-0.010997800439911942,49.46,50.28,0.01657905378083302,WIN
reversal,0.0075,2026-03-04,F,SHORT,0.015063731170336103,13.14,12.81,0.025114155251141558,WIN
reversal,0.0075,2026-03-04,LYB,LONG,-0.008534136546184734,59.25,61.925,0.045147679324894385,WIN
reversal,0.0075,2026-03-04,TEL,SHORT,0.011379835221918988,209.3,209.11,0.0009077878643095925,WIN
reversal,0.0075,2026-03-04,XYZ,LONG,-0.009112333071484624,63.07,65.25,0.03456476930394792,WIN
reversal,0.0075,2026-03-05,LITE,SHORT,0.024493784692361853,655.215,651.095,0.0062880123318300165,WIN
reversal,0.0075,2026-03-05,MAS,SHORT,0.009090237233020382,68.27,65.3,0.04350373516918118,WIN
reversal,0.0075,2026-03-05,TEL,SHORT,0.015033720494567193,216.73,210.595,0.028307110229317544,WIN
reversal,0.0075,2026-03-06,APO,LONG,-0.021018367821436956,105.265,108.695,0.032584429772478885,WIN
reversal,0.0075,2026-03-06,APP,LONG,-0.019900939300655063,496.675,502.53,0.01178839281220112,WIN
reversal,0.0075,2026-03-06,BAC,LONG,-0.018537590113285263,47.65,48.61,0.020146904512067243,WIN
reversal,0.0075,2026-03-06,BX,LONG,-0.02626441881100272,109.74,110.43,0.006287588846364267,WIN
reversal,0.0075,2026-03-06,COHR,SHORT,0.020690376569037605,243.945,235.59,0.03424952345815651,WIN
reversal,0.0075,2026-03-06,LITE,SHORT,0.010942651042856744,619.445,558.225,0.09883040463640844,WIN
reversal,0.0075,2026-03-06,LRCX,SHORT,0.007687068210567416,207.12,199.25,0.037997296253379706,WIN
reversal,0.0075,2026-03-06,LYB,LONG,-0.007715133531157381,66.88,67.14,0.0038875598086125507,WIN
reversal,0.0075,2026-03-06,WDAY,LONG,-0.010309278350515538,145.92,151.05,0.03515625000000022,WIN
reversal,0.0075,2026-03-06,WFC,LONG,-0.022592152199762072,78.09,80.39,0.029453195031374113,WIN
reversal,0.01,2026-03-02,COHR,SHORT,0.029804465197723617,282.29,298.76,-0.05834425590704584,LOSS
reversal,0.01,2026-03-03,BX,LONG,-0.019170506912442375,106.42,110.915,0.04223830107122728,WIN
reversal,0.01,2026-03-03,TEL,SHORT,0.011754334410813971,206.58,204.27,0.011182108626198093,WIN
reversal,0.01,2026-03-03,XYZ,LONG,-0.014117832636643346,62.5,62.84,0.005440000000000111,WIN
reversal,0.01,2026-03-04,BAC,LONG,-0.010997800439911942,49.46,50.28,0.01657905378083302,WIN
reversal,0.01,2026-03-04,F,SHORT,0.015063731170336103,13.14,12.81,0.025114155251141558,WIN
reversal,0.01,2026-03-04,TEL,SHORT,0.011379835221918988,209.3,209.11,0.0009077878643095925,WIN
reversal,0.01,2026-03-05,LITE,SHORT,0.024493784692361853,655.215,651.095,0.0062880123318300165,WIN
reversal,0.01,2026-03-05,TEL,SHORT,0.015033720494567193,216.73,210.595,0.028307110229317544,WIN
reversal,0.01,2026-03-06,APO,LONG,-0.021018367821436956,105.265,108.695,0.032584429772478885,WIN
reversal,0.01,2026-03-06,APP,LONG,-0.019900939300655063,496.675,502.53,0.01178839281220112,WIN
reversal,0.01,2026-03-06,BAC,LONG,-0.018537590113285263,47.65,48.61,0.020146904512067243,WIN
reversal,0.01,2026-03-06,BX,LONG,-0.02626441881100272,109.74,110.43,0.006287588846364267,WIN
reversal,0.01,2026-03-06,COHR,SHORT,0.020690376569037605,243.945,235.59,0.03424952345815651,WIN
reversal,0.01,2026-03-06,LITE,SHORT,0.010942651042856744,619.445,558.225,0.09883040463640844,WIN
reversal,0.01,2026-03-06,WDAY,LONG,-0.010309278350515538,145.92,151.05,0.03515625000000022,WIN
reversal,0.01,2026-03-06,WFC,LONG,-0.022592152199762072,78.09,80.39,0.029453195031374113,WIN
