symbol,trade_direction,trades,wins,win_rate,avg_return,median_return,total_return,best_trade,worst_trade,avg_prior_relative,avg_opening_10m,score
LITE,SHORT,2,2,1.0,0.05255920848411923,0.05255920848411923,0.10511841696823845,0.09883040463640844,0.0062880123318300165,-0.07678938008150193,0.0177182178676093,0.10511841696823845
APO,LONG,2,2,1.0,0.04685492540734104,0.04685492540734104,0.09370985081468208,0.0611254210422032,0.032584429772478885,0.08068715820118177,-0.012433589318791127,0.09370985081468208
APP,LONG,2,2,1.0,0.03754712198631338,0.03754712198631338,0.07509424397262676,0.06330585116042564,0.01178839281220112,0.128641044038466,-0.012174218565571937,0.07509424397262676
WFC,LONG,3,3,1.0,0.024048156646335528,0.026954681274900416,0.07214446993900658,0.029453195031374113,0.015736593632732054,0.03701718919782482,-0.011153873127914308,0.07214446993900658
FFIV,LONG,2,2,1.0,0.03195527613741955,0.03195527613741955,0.0639105522748391,0.03418247515808481,0.029728077116754292,0.047868176718306565,-0.00389263761695674,0.0639105522748391
CRWD,LONG,1,1,1.0,0.06157571339304324,0.06157571339304324,0.06157571339304324,0.06157571339304324,0.06157571339304324,0.07423650992861353,-0.005450755466939516,0.06157571339304324
LRCX,SHORT,2,2,1.0,0.029820172708637273,0.029820172708637273,0.059640345417274546,0.037997296253379706,0.021643049163894836,-0.040177722583061515,0.005994268558219273,0.059640345417274546
F,SHORT,2,2,1.0,0.028360581052836616,0.028360581052836616,0.05672116210567323,0.031607006854531675,0.025114155251141558,-0.0626994628494007,0.010596999684784891,0.05672116210567323
ARES,LONG,2,2,1.0,0.02807774630597426,0.02807774630597426,0.05615549261194852,0.05104040309788194,0.005115089514066584,0.0601774900477825,-0.01135539811456876,0.05615549261194852
TTD,LONG,1,1,1.0,0.0519781144781144,0.0519781144781144,0.0519781144781144,0.0519781144781144,0.0519781144781144,0.04127497165773186,-0.013289036544850363,0.0519781144781144
LYB,LONG,2,2,1.0,0.024517619566753468,0.024517619566753468,0.049035239133506936,0.045147679324894385,0.0038875598086125507,0.0736804839315085,-0.008124635038671058,0.049035239133506936
BX,LONG,2,2,1.0,0.024262944958795774,0.024262944958795774,0.04852588991759155,0.04223830107122728,0.006287588846364267,0.06803331401413726,-0.022717462861722548,0.04852588991759155
CSGP,LONG,2,2,1.0,0.024036844312459893,0.024036844312459893,0.048073688624919786,0.036790780141844115,0.011282908483075671,0.06366957338314005,-0.01297399719162906,0.048073688624919786
MAS,SHORT,2,2,1.0,0.023801347894940473,0.023801347894940473,0.047602695789880946,0.04350373516918118,0.004098960620699767,-0.044910369853156606,0.007860768483884173,0.047602695789880946
RDDT,LONG,2,2,1.0,0.023303506935471008,0.023303506935471008,0.046607013870942016,0.0368353619474695,0.009771651923472513,0.03442777916845707,-0.009229432279664995,0.046607013870942016
TEL,SHORT,3,3,1.0,0.013465668906608408,0.011182108626198093,0.040397006719825226,0.028307110229317544,0.0009077878643095925,-0.06844086946734458,0.012722630042433384,0.040397006719825226
XYZ,LONG,2,2,1.0,0.020002384651974014,0.020002384651974014,0.04000476930394803,0.03456476930394792,0.005440000000000111,0.04181060985906604,-0.011615082854063985,0.04000476930394803
FOXA,LONG,1,1,1.0,0.039096437880104196,0.039096437880104196,0.039096437880104196,0.039096437880104196,0.039096437880104196,0.03816326606127496,-0.014217197670435167,0.039096437880104196
TYL,LONG,2,2,1.0,0.018574120260236526,0.018574120260236526,0.03714824052047305,0.02505202058920153,0.012096219931271524,0.046223889901140125,-0.006818861953469091,0.03714824052047305
CPAY,LONG,2,2,1.0,0.018527528680186478,0.018527528680186478,0.037055057360372956,0.036609580541077325,0.00044547681929563154,0.03087531219140649,-0.006260174456137468,0.037055057360372956
BAC,LONG,2,2,1.0,0.01836297914645013,0.01836297914645013,0.03672595829290026,0.020146904512067243,0.01657905378083302,0.03297708387168041,-0.014767695276598602,0.03672595829290026
EXPE,LONG,1,1,1.0,0.0354492308968033,0.0354492308968033,0.0354492308968033,0.0354492308968033,0.0354492308968033,0.1353658943158731,-0.010096449825569453,0.0354492308968033
C,LONG,2,2,1.0,0.017256265043086527,0.017256265043086527,0.034512530086173054,0.03271299796452465,0.0017995321216484061,0.04691716339231544,-0.011087349204927821,0.034512530086173054
COHR,SHORT,1,1,1.0,0.03424952345815651,0.03424952345815651,0.03424952345815651,0.03424952345815651,0.03424952345815651,-0.05448012191675755,0.020690376569037605,0.03424952345815651
INTU,LONG,1,1,1.0,0.03345070422535201,0.03345070422535201,0.03345070422535201,0.03345070422535201,0.03345070422535201,0.14977198150522275,-0.0063998634695793255,0.03345070422535201
ELV,SHORT,3,2,0.6666666666666666,0.01598561004871116,0.024724994040118485,0.047956830146133486,0.031739531074024815,-0.008507694968009811,-0.08644791335743995,0.016132945024785867,0.031971220097422315
CIEN,SHORT,1,1,1.0,0.0318798577262548,0.0318798577262548,0.0318798577262548,0.0318798577262548,0.0318798577262548,-0.035085492429282605,0.03486588732490348,0.0318798577262548
GLW,SHORT,1,1,1.0,0.03114435733294981,0.03114435733294981,0.03114435733294981,0.03114435733294981,0.03114435733294981,-0.05715163562429726,0.022655388010297983,0.03114435733294981
AKAM,LONG,2,2,1.0,0.015298682480912484,0.015298682480912484,0.03059736496182497,0.01617168429617588,0.014425680665649088,0.06134814899826935,-0.009061084811675557,0.03059736496182497
CDW,LONG,2,2,1.0,0.015197613418055478,0.015197613418055478,0.030395226836110956,0.015478346780833263,0.014916880055277693,0.04820043225747095,-0.01716507791838512,0.030395226836110956
MET,LONG,1,1,1.0,0.02906643757159233,0.02906643757159233,0.02906643757159233,0.02906643757159233,0.02906643757159233,0.0387225356525247,-0.017721518987341645,0.02906643757159233
MOS,SHORT,3,3,1.0,0.009541649982743141,0.006674082313681859,0.028624949948229422,0.01571268237934911,0.0062381852551984555,-0.07208913842892117,0.011323032979387119,0.028624949948229422
STZ,SHORT,1,1,1.0,0.027659504241344196,0.027659504241344196,0.027659504241344196,0.027659504241344196,0.027659504241344196,-0.04438275533018876,0.009428933164523423,0.027659504241344196
MCHP,SHORT,1,1,1.0,0.02730987026019642,0.02730987026019642,0.02730987026019642,0.02730987026019642,0.02730987026019642,-0.039840325572871316,0.010942028985507113,0.02730987026019642
KLAC,SHORT,1,1,1.0,0.027224498067541947,0.027224498067541947,0.027224498067541947,0.027224498067541947,0.027224498067541947,-0.03502725410463803,0.005117759388924226,0.027224498067541947
RF,LONG,2,2,1.0,0.013380161326961293,0.013380161326961293,0.026760322653922586,0.017695783132530174,0.009064539521392412,0.032886139394536995,-0.009612244992237395,0.026760322653922586
VRSN,LONG,1,1,1.0,0.026583317547515195,0.026583317547515195,0.026583317547515195,0.026583317547515195,0.026583317547515195,0.052091222106218416,-0.008286716206061584,0.026583317547515195
FOX,LONG,1,1,1.0,0.02529256323140805,0.02529256323140805,0.02529256323140805,0.02529256323140805,0.02529256323140805,0.027062521624126035,-0.004883546205860401,0.02529256323140805
GEV,SHORT,1,1,1.0,0.025265146533067086,0.025265146533067086,0.025265146533067086,0.025265146533067086,0.025265146533067086,-0.03206747706440438,0.0072866984631692056,0.025265146533067086
BEN,LONG,3,3,1.0,0.008240602758280424,0.008259700345754961,0.024721808274841273,0.015708812260536442,0.0007532956685498693,0.03947406999300629,-0.006877043151413946,0.024721808274841273
GPN,LONG,3,2,0.6666666666666666,0.012100523672594843,0.008189262966332933,0.03630157101778453,0.0295501225733783,-0.0014378145219267058,0.03957361295281584,-0.009340732547103511,0.024201047345189686
Q,SHORT,1,1,1.0,0.023976245346569742,0.023976245346569742,0.023976245346569742,0.023976245346569742,0.023976245346569742,-0.04496217573481842,0.010026857654431343,0.023976245346569742
ZTS,SHORT,1,1,1.0,0.02391885956155416,0.02391885956155416,0.02391885956155416,0.02391885956155416,0.02391885956155416,-0.04016857432643217,0.0029235082098519882,0.02391885956155416
APH,SHORT,2,2,1.0,0.01167847841546936,0.01167847841546936,0.02335695683093872,0.012895747301311317,0.010461209529627402,-0.056013102044332796,0.011311045294844724,0.02335695683093872
SWK,SHORT,1,1,1.0,0.02300796188326743,0.02300796188326743,0.02300796188326743,0.02300796188326743,0.02300796188326743,-0.03841686810512135,0.010452299505891105,0.02300796188326743
ROP,LONG,2,2,1.0,0.011483756820593993,0.011483756820593993,0.022967513641187987,0.016475785800714737,0.006491727840473249,0.0436948254918158,-0.004516359138030501,0.022967513641187987
GDDY,LONG,1,1,1.0,0.022641920209002242,0.022641920209002242,0.022641920209002242,0.022641920209002242,0.022641920209002242,0.07147381115258145,-0.010821578550662347,0.022641920209002242
FICO,LONG,1,1,1.0,0.022115512312413044,0.022115512312413044,0.022115512312413044,0.022115512312413044,0.022115512312413044,0.031851953575076086,-0.013262983654045102,0.022115512312413044
URI,LONG,2,2,1.0,0.010910722886560142,0.010910722886560142,0.021821445773120285,0.01810314429323623,0.0037183014798840563,0.05267283784036514,-0.007888459667183212,0.021821445773120285
SBUX,LONG,1,1,1.0,0.02146099876186547,0.02146099876186547,0.02146099876186547,0.02146099876186547,0.02146099876186547,0.03086449823933557,-0.0030857848179386416,0.02146099876186547
CFG,LONG,1,1,1.0,0.02111932418162632,0.02111932418162632,0.02111932418162632,0.02111932418162632,0.02111932418162632,0.02584041468722642,-0.01618907453900098,0.02111932418162632
BLDR,SHORT,1,1,1.0,0.021017018659011802,0.021017018659011802,0.021017018659011802,0.021017018659011802,0.021017018659011802,-0.040435471874833984,0.01710114702815435,0.021017018659011802
IBM,LONG,1,1,1.0,0.020946745562130165,0.020946745562130165,0.020946745562130165,0.020946745562130165,0.020946745562130165,0.09288156339902298,-0.010924697619976609,0.020946745562130165
BBY,LONG,1,1,1.0,0.02089959109495676,0.02089959109495676,0.02089959109495676,0.02089959109495676,0.02089959109495676,0.03061058617201806,-0.003696718219539874,0.02089959109495676
ALLE,SHORT,1,1,1.0,0.020683887155402602,0.020683887155402602,0.020683887155402602,0.020683887155402602,0.020683887155402602,-0.031589551449733966,0.0031300419490158937,0.020683887155402602
CTSH,LONG,1,1,1.0,0.020164704071423012,0.020164704071423012,0.020164704071423012,0.020164704071423012,0.020164704071423012,0.03332475493539433,-0.0053586465589833265,0.020164704071423012
LEN,SHORT,1,1,1.0,0.019939804364183508,0.019939804364183508,0.019939804364183508,0.019939804364183508,0.019939804364183508,-0.026132042211379214,0.00834597875569032,0.019939804364183508
SNPS,LONG,1,1,1.0,0.019712710320183513,0.019712710320183513,0.019712710320183513,0.019712710320183513,0.019712710320183513,0.03566763637574444,-0.006500758225869041,0.019712710320183513
KKR,LONG,1,1,1.0,0.019653824678950382,0.019653824678950382,0.019653824678950382,0.019653824678950382,0.019653824678950382,0.12629610124907287,-0.03740728797162207,0.019653824678950382
FDS,LONG,1,1,1.0,0.019583012979964565,0.019583012979964565,0.019583012979964565,0.019583012979964565,0.019583012979964565,0.03969317723634247,-0.008475336322869897,0.019583012979964565
IT,LONG,1,1,1.0,0.01912034208918767,0.01912034208918767,0.01912034208918767,0.01912034208918767,0.01912034208918767,0.05612852413112668,-0.0033485540334856623,0.01912034208918767
PRU,LONG,1,1,1.0,0.01899664147774982,0.01899664147774982,0.01899664147774982,0.01899664147774982,0.01899664147774982,0.029341168942671247,-0.015193798449612439,0.01899664147774982
UBER,LONG,1,1,1.0,0.018939393939394034,0.018939393939394034,0.018939393939394034,0.018939393939394034,0.018939393939394034,0.03528628253298938,-0.008303677342823335,0.018939393939394034
APTV,LONG,1,1,1.0,0.018418656768681263,0.018418656768681263,0.018418656768681263,0.018418656768681263,0.018418656768681263,0.036488737384056336,-0.01781538038244601,0.018418656768681263
VEEV,LONG,1,1,1.0,0.018293341980112565,0.018293341980112565,0.018293341980112565,0.018293341980112565,0.018293341980112565,0.029577716291181,-0.007881614926813607,0.018293341980112565
DECK,SHORT,1,1,1.0,0.018095412173277318,0.018095412173277318,0.018095412173277318,0.018095412173277318,0.018095412173277318,-0.02673287701519178,0.008479262672811183,0.018095412173277318
HUBB,SHORT,1,1,1.0,0.01752685733138132,0.01752685733138132,0.01752685733138132,0.01752685733138132,0.01752685733138132,-0.027159014086700295,0.0027188801935265072,0.01752685733138132
VMC,SHORT,1,1,1.0,0.017515651192227446,0.017515651192227446,0.017515651192227446,0.017515651192227446,0.017515651192227446,-0.026915642742044166,0.002606756988509762,0.017515651192227446
AXP,LONG,1,1,1.0,0.017377193279015435,0.017377193279015435,0.017377193279015435,0.017377193279015435,0.017377193279015435,0.02845199099129725,-0.015280644516945108,0.017377193279015435
TXN,SHORT,1,1,1.0,0.01731923973996318,0.01731923973996318,0.01731923973996318,0.01731923973996318,0.01731923973996318,-0.03845940195975872,0.002886577415020186,0.01731923973996318
NCLH,SHORT,1,1,1.0,0.017144199154532573,0.017144199154532573,0.017144199154532573,0.017144199154532573,0.017144199154532573,-0.04700407336035628,0.018173122907699568,0.017144199154532573
ULTA,SHORT,1,1,1.0,0.016443283840428587,0.016443283840428587,0.016443283840428587,0.016443283840428587,0.016443283840428587,-0.030238350314448992,0.0056076888148932635,0.016443283840428587
MAR,LONG,1,1,1.0,0.016221643500360816,0.016221643500360816,0.016221643500360816,0.016221643500360816,0.016221643500360816,0.02665372484567663,-0.01985146002798588,0.016221643500360816
WDAY,LONG,2,1,0.5,0.015941292792714445,0.015941292792714445,0.03188258558542889,0.03515625000000022,-0.003273664414571331,0.08633677219523983,-0.007339105194675233,0.015941292792714445
STLD,LONG,2,1,0.5,0.015812232298554052,0.015812232298554052,0.031624464597108104,0.03660137583363965,-0.004976911236531545,0.0386777853363095,-0.027016109984207004,0.015812232298554052
HCA,LONG,1,1,1.0,0.01486096424794936,0.01486096424794936,0.01486096424794936,0.01486096424794936,0.01486096424794936,0.03321544014727418,-0.009183923885753176,0.01486096424794936
HAL,SHORT,1,1,1.0,0.014675052410901428,0.014675052410901428,0.014675052410901428,0.014675052410901428,0.014675052410901428,-0.030890220057747664,0.0037878787878786735,0.014675052410901428
HLT,LONG,1,1,1.0,0.014569536423841178,0.014569536423841178,0.014569536423841178,0.014569536423841178,0.014569536423841178,0.03664597398477687,-0.02063827310372346,0.014569536423841178
NTAP,LONG,1,1,1.0,0.014095811387007773,0.014095811387007773,0.014095811387007773,0.014095811387007773,0.014095811387007773,0.059389119802681245,-0.003449310137972339,0.014095811387007773
NRG,SHORT,2,2,1.0,0.007010272086921187,0.007010272086921187,0.014020544173842374,0.011703471003110694,0.0023170731707316795,-0.03092718261628602,0.006470349320885971,0.014020544173842374
ON,SHORT,1,1,1.0,0.01321764515082708,0.01321764515082708,0.01321764515082708,0.01321764515082708,0.01321764515082708,-0.030046032151794466,0.007598660021243431,0.01321764515082708
BKNG,LONG,1,1,1.0,0.012848923360343933,0.012848923360343933,0.012848923360343933,0.012848923360343933,0.012848923360343933,0.08278196963384654,-0.005192563081009349,0.012848923360343933
ESS,LONG,1,1,1.0,0.01242014205785491,0.01242014205785491,0.01242014205785491,0.01242014205785491,0.01242014205785491,0.03503746031431887,-0.011143810084363381,0.01242014205785491
STX,SHORT,3,2,0.6666666666666666,0.006143048023091613,0.013167701863353988,0.018429144069274837,0.01832177364390801,-0.01306033143798716,-0.0538684180425005,0.004954606604802292,0.012286096046183224
AOS,SHORT,1,1,1.0,0.012069674941708894,0.012069674941708894,0.012069674941708894,0.012069674941708894,0.012069674941708894,-0.042283182968195776,0.004131662305467465,0.012069674941708894
OXY,SHORT,3,2,0.6666666666666666,0.0059844584034629555,0.007782457425379915,0.017953375210388867,0.020062580526412598,-0.009891662741403648,-0.06334158947945923,0.009107111357168426,0.011968916806925911
COP,SHORT,1,1,1.0,0.011882611637347778,0.011882611637347778,0.011882611637347778,0.011882611637347778,0.011882611637347778,-0.04845270875131147,0.010296065279617128,0.011882611637347778
KEY,LONG,1,1,1.0,0.011735941320293541,0.011735941320293541,0.011735941320293541,0.011735941320293541,0.011735941320293541,0.02593251675903252,-0.008003880669415486,0.011735941320293541
MA,LONG,2,2,1.0,0.005784134289611109,0.005784134289611109,0.011568268579222218,0.010448512054487047,0.0011197565247351715,0.03152375119552231,-0.0045984845262734275,0.011568268579222218
PNC,LONG,2,2,1.0,0.005511135670931644,0.005511135670931644,0.011022271341863288,0.008021521154316424,0.0030007501875468634,0.029592558151541937,-0.00888771591878923,0.011022271341863288
CRM,LONG,1,1,1.0,0.010753494885837878,0.010753494885837878,0.010753494885837878,0.010753494885837878,0.010753494885837878,0.03833435096065485,-0.008529419057300869,0.010753494885837878
AXON,LONG,2,1,0.5,0.010039992941630882,0.010039992941630882,0.020079985883261764,0.023404104991698205,-0.0033241191084364408,0.04569187111883222,-0.0067328708599252995,0.010039992941630882
TTWO,LONG,2,2,1.0,0.00501622055532458,0.00501622055532458,0.01003244111064916,0.005516191925436287,0.004516249185212873,0.028889879800294893,-0.00949072510086335,0.01003244111064916
CINF,LONG,1,1,1.0,0.00931322477918628,0.00931322477918628,0.00931322477918628,0.00931322477918628,0.00931322477918628,0.026676511194927643,-0.009109311740890691,0.00931322477918628
PAYX,LONG,1,1,1.0,0.009112457203055202,0.009112457203055202,0.009112457203055202,0.009112457203055202,0.009112457203055202,0.025125500181276017,-0.0037258606213266265,0.009112457203055202
MKC,SHORT,1,1,1.0,0.008332696277043066,0.008332696277043066,0.008332696277043066,0.008332696277043066,0.008332696277043066,-0.07349088834093642,0.006230769230769262,0.008332696277043066
FISV,LONG,1,1,1.0,0.008313349320543617,0.008313349320543617,0.008313349320543617,0.008313349320543617,0.008313349320543617,0.058739545645962954,-0.0054853326973528516,0.008313349320543617
HRL,SHORT,1,1,1.0,0.008264462809917286,0.008264462809917286,0.008264462809917286,0.008264462809917286,0.008264462809917286,-0.031036439545401362,0.006288032454361048,0.008264462809917286
EBAY,LONG,1,1,1.0,0.007715294756859503,0.007715294756859503,0.007715294756859503,0.007715294756859503,0.007715294756859503,0.049416729086755984,-0.005135135135135083,0.007715294756859503
META,LONG,1,1,1.0,0.007051547357817212,0.007051547357817212,0.007051547357817212,0.007051547357817212,0.007051547357817212,0.038277318310478314,-0.011600802716887904,0.007051547357817212
T,LONG,1,1,1.0,0.0066041014946125465,0.0066041014946125465,0.0066041014946125465,0.0066041014946125465,0.0066041014946125465,0.03545233974069717,-0.004842615012106588,0.0066041014946125465
GS,LONG,1,1,1.0,0.006398579898133194,0.006398579898133194,0.006398579898133194,0.006398579898133194,0.006398579898133194,0.05185146681284225,-0.008615136876006457,0.006398579898133194
BAX,SHORT,1,1,1.0,0.005084292213005024,0.005084292213005024,0.005084292213005024,0.005084292213005024,0.005084292213005024,-0.037292277178473276,0.0029522275899087624,0.005084292213005024
JPM,LONG,1,1,1.0,0.005036261079774285,0.005036261079774285,0.005036261079774285,0.005036261079774285,0.005036261079774285,0.02505653765622884,-0.008488964346349825,0.005036261079774285
GEHC,SHORT,1,1,1.0,0.005034091633212391,0.005034091633212391,0.005034091633212391,0.005034091633212391,0.005034091633212391,-0.042065522404435396,0.004416282642089042,0.005034091633212391
DG,SHORT,1,1,1.0,0.004762228723042499,0.004762228723042499,0.004762228723042499,0.004762228723042499,0.004762228723042499,-0.040469405254865864,0.011387484088485333,0.004762228723042499
LH,SHORT,1,1,1.0,0.004687894414193543,0.004687894414193543,0.004687894414193543,0.004687894414193543,0.004687894414193543,-0.025416766693343806,0.003292329956584794,0.004687894414193543
CMCSA,LONG,2,1,0.5,0.004492208749954707,0.004492208749954707,0.008984417499909414,0.01901262182457253,-0.010028204324663115,0.030880431643808604,-0.004342437673641564,0.004492208749954707
ABNB,LONG,1,1,1.0,0.004296698326549109,0.004296698326549109,0.004296698326549109,0.004296698326549109,0.004296698326549109,0.03533189535861325,-0.007333133792277735,0.004296698326549109
HST,LONG,1,1,1.0,0.004180820486020309,0.004180820486020309,0.004180820486020309,0.004180820486020309,0.004180820486020309,0.03372252201128467,-0.023226135783562918,0.004180820486020309
CCI,LONG,1,1,1.0,0.004008908685968704,0.004008908685968704,0.004008908685968704,0.004008908685968704,0.004008908685968704,0.031205739990771475,-0.006856890068568933,0.004008908685968704
VRT,LONG,1,1,1.0,0.0032774643212745147,0.0032774643212745147,0.0032774643212745147,0.0032774643212745147,0.0032774643212745147,0.04357718281678147,-0.005118045236916058,0.0032774643212745147
NFLX,LONG,1,1,1.0,0.003039205754229668,0.003039205754229668,0.003039205754229668,0.003039205754229668,0.003039205754229668,0.046808946469584445,-0.0067917693816975655,0.003039205754229668
TSLA,LONG,1,1,1.0,0.0027177004462084486,0.0027177004462084486,0.0027177004462084486,0.0027177004462084486,0.0027177004462084486,0.045570091080502806,-0.006604970051609205,0.0027177004462084486
HUM,SHORT,2,1,0.5,0.002533620501405133,0.002533620501405133,0.005067241002810266,0.009676800350886892,-0.004609559348076626,-0.03761887901973621,0.00527964968464778,0.002533620501405133
ADSK,LONG,1,1,1.0,0.0023423700176636864,0.0023423700176636864,0.0023423700176636864,0.0023423700176636864,0.0023423700176636864,0.07603686848363855,-0.0042632917200374765,0.0023423700176636864
ROL,SHORT,1,1,1.0,0.001973232669869629,0.001973232669869629,0.001973232669869629,0.001973232669869629,0.001973232669869629,-0.05338855798464859,0.011103400416377474,0.001973232669869629
MGM,LONG,1,1,1.0,0.001829954954954971,0.001829954954954971,0.001829954954954971,0.001829954954954971,0.001829954954954971,0.05947986213801015,-0.0190555095277547,0.001829954954954971
HPE,LONG,1,1,1.0,0.0013882461823231385,0.0013882461823231385,0.0013882461823231385,0.0013882461823231385,0.0013882461823231385,0.03870819502428402,-0.006893382352941235,0.0013882461823231385
SWKS,SHORT,1,1,1.0,0.0011494252873562817,0.0011494252873562817,0.0011494252873562817,0.0011494252873562817,0.0011494252873562817,-0.03383969602877701,0.009821428571428426,0.0011494252873562817
SOLV,SHORT,2,1,0.5,0.0008092947715731933,0.0008092947715731933,0.0016185895431463865,0.004666289592760157,-0.00304770004961377,-0.03488772710930732,0.008335700930831136,0.0008092947715731933
PWR,LONG,2,1,0.5,0.0006578376164980138,0.0006578376164980138,0.0013156752329960275,0.01192828784560862,-0.010612612612612593,0.030719087886466823,-0.012495723121272728,0.0006578376164980138
L,LONG,1,1,1.0,0.000637058609392227,0.000637058609392227,0.000637058609392227,0.000637058609392227,0.000637058609392227,0.029660351999942325,-0.005070626584570803,0.000637058609392227
ROK,SHORT,1,1,1.0,0.0006342159505311798,0.0006342159505311798,0.0006342159505311798,0.0006342159505311798,0.0006342159505311798,-0.03480345560783915,0.0032609560168614937,0.0006342159505311798
PCAR,SHORT,1,1,1.0,0.00020007202592926633,0.00020007202592926633,0.00020007202592926633,0.00020007202592926633,0.00020007202592926633,-0.025082930133032977,0.00478449662270819,0.00020007202592926633
MS,LONG,1,0,0.0,-0.00011936022917169442,-0.00011936022917169442,-0.00011936022917169442,-0.00011936022917169442,-0.00011936022917169442,0.03730715245018734,-0.002500297654482564,-0.0
MCD,SHORT,1,0,0.0,-0.00039177277179234675,-0.00039177277179234675,-0.00039177277179234675,-0.00039177277179234675,-0.00039177277179234675,-0.025221038077916536,0.006018069366965806,-0.0
TAP,SHORT,1,0,0.0,-0.0004248088360238557,-0.0004248088360238557,-0.0004248088360238557,-0.0004248088360238557,-0.0004248088360238557,-0.032919696503446394,0.00426621160409546,-0.0
WYNN,LONG,1,0,0.0,-0.0004917387883557334,-0.0004917387883557334,-0.0004917387883557334,-0.0004917387883557334,-0.0004917387883557334,0.030267673229063652,-0.0069342709248949586,-0.0
RJF,LONG,1,0,0.0,-0.0010510757102972779,-0.0010510757102972779,-0.0010510757102972779,-0.0010510757102972779,-0.0010510757102972779,0.032407378714955026,-0.009274324764074304,-0.0
PNW,LONG,1,0,0.0,-0.001471814747583844,-0.001471814747583844,-0.001471814747583844,-0.001471814747583844,-0.001471814747583844,0.027792765948319698,-0.004152823920265725,-0.0
ETN,SHORT,1,0,0.0,-0.001652379002076008,-0.001652379002076008,-0.001652379002076008,-0.001652379002076008,-0.001652379002076008,-0.03695551503213679,0.009855097267385649,-0.0
CVNA,LONG,1,0,0.0,-0.002151517055091423,-0.002151517055091423,-0.002151517055091423,-0.002151517055091423,-0.002151517055091423,0.03145352892506326,-0.01194798746237169,-0.0
FTNT,LONG,1,0,0.0,-0.002325165444464261,-0.002325165444464261,-0.002325165444464261,-0.002325165444464261,-0.002325165444464261,0.08562112953058132,-0.0033275892804088825,-0.0
EME,LONG,1,0,0.0,-0.0024174758589109446,-0.0024174758589109446,-0.0024174758589109446,-0.0024174758589109446,-0.0024174758589109446,0.028383121620897844,-0.0047449902821525836,-0.0
APA,SHORT,2,0,0.0,-0.0027248970478796373,-0.0027248970478796373,-0.005449794095759275,-0.0004823926676314703,-0.004967401428127805,-0.04660024446072081,0.01143770505658781,-0.0
CF,SHORT,2,0,0.0,-0.0035287987874194986,-0.0035287987874194986,-0.007057597574838997,0.0,-0.007057597574838997,-0.033063513663379174,0.023575614903992625,-0.0
PCG,SHORT,1,0,0.0,-0.003593145384190231,-0.003593145384190231,-0.003593145384190231,-0.003593145384190231,-0.003593145384190231,-0.03284161798908236,0.0033277870216306127,-0.0
DE,SHORT,1,0,0.0,-0.00359914233204004,-0.00359914233204004,-0.00359914233204004,-0.00359914233204004,-0.00359914233204004,-0.04553942896950203,0.0050625983443934874,-0.0
HOOD,LONG,1,0,0.0,-0.003684788932704075,-0.003684788932704075,-0.003684788932704075,-0.003684788932704075,-0.003684788932704075,0.09841791627330432,-0.00865162778774664,-0.0
CDNS,LONG,1,0,0.0,-0.003738224592533479,-0.003738224592533479,-0.003738224592533479,-0.003738224592533479,-0.003738224592533479,0.028296512903534854,-0.006782178217821788,-0.0
BLK,LONG,1,0,0.0,-0.0037978769867643702,-0.0037978769867643702,-0.0037978769867643702,-0.0037978769867643702,-0.0037978769867643702,0.03226271207874554,-0.004042572305306247,-0.0
PYPL,LONG,1,0,0.0,-0.003923231894815027,-0.003923231894815027,-0.003923231894815027,-0.003923231894815027,-0.003923231894815027,0.0852381550154735,-0.0026438240270727498,-0.0
DVN,SHORT,1,0,0.0,-0.003947665237987915,-0.003947665237987915,-0.003947665237987915,-0.003947665237987915,-0.003947665237987915,-0.05513141321935666,0.003395201448619156,-0.0
AIG,SHORT,1,0,0.0,-0.004013545716794095,-0.004013545716794095,-0.004013545716794095,-0.004013545716794095,-0.004013545716794095,-0.037350208325612755,0.008219524532119493,-0.0
BRK.B,SHORT,1,0,0.0,-0.004647089129314777,-0.004647089129314777,-0.004647089129314777,-0.004647089129314777,-0.004647089129314777,-0.03500768161896051,0.008835758835758822,-0.0
RL,LONG,1,0,0.0,-0.004975949577044281,-0.004975949577044281,-0.004975949577044281,-0.004975949577044281,-0.004975949577044281,0.029947169902750703,-0.006822705745075153,-0.0
NOC,LONG,1,0,0.0,-0.004987089924898824,-0.004987089924898824,-0.004987089924898824,-0.004987089924898824,-0.004987089924898824,0.028323424255407348,-0.006109475549071153,-0.0
VTRS,LONG,1,0,0.0,-0.005340453938584733,-0.005340453938584733,-0.005340453938584733,-0.005340453938584733,-0.005340453938584733,0.043718388636287075,-0.013175230566534912,-0.0
DAL,LONG,1,0,0.0,-0.0059199252219971354,-0.0059199252219971354,-0.0059199252219971354,-0.0059199252219971354,-0.0059199252219971354,0.041117014650342565,-0.00987197285207464,-0.0
TER,LONG,1,0,0.0,-0.0060108129297814505,-0.0060108129297814505,-0.0060108129297814505,-0.0060108129297814505,-0.0060108129297814505,0.027963097719319263,-0.007763119509902383,-0.0
FLEX,LONG,1,0,0.0,-0.006959403479701809,-0.006959403479701809,-0.006959403479701809,-0.006959403479701809,-0.006959403479701809,0.06045369181897353,-0.024567641829642772,-0.0
EXE,SHORT,1,0,0.0,-0.007175904069493014,-0.007175904069493014,-0.007175904069493014,-0.007175904069493014,-0.007175904069493014,-0.05743870736286438,0.0029830957905203626,-0.0
CVX,SHORT,1,0,0.0,-0.007696390658174037,-0.007696390658174037,-0.007696390658174037,-0.007696390658174037,-0.007696390658174037,-0.03931494074638864,0.010241836023379358,-0.0
PM,SHORT,1,0,0.0,-0.008531366144836053,-0.008531366144836053,-0.008531366144836053,-0.008531366144836053,-0.008531366144836053,-0.05093651762602869,0.0028802168633874636,-0.0
KDP,SHORT,1,0,0.0,-0.008565310492505425,-0.008565310492505425,-0.008565310492505425,-0.008565310492505425,-0.008565310492505425,-0.08308238823307657,0.004301075268817289,-0.0
GNRC,LONG,2,0,0.0,-0.008896565514791732,-0.008896565514791732,-0.017793131029583464,-0.0018753247926974748,-0.01591780623688599,0.04303058539990012,-0.016716784542833263,-0.0
CHRW,LONG,1,0,0.0,-0.008900140940648282,-0.008900140940648282,-0.008900140940648282,-0.008900140940648282,-0.008900140940648282,0.051853659853882794,-0.01007647788342303,-0.0
IQV,LONG,1,0,0.0,-0.009762188546455497,-0.009762188546455497,-0.009762188546455497,-0.009762188546455497,-0.009762188546455497,0.028150690829380487,-0.018795422270487028,-0.0
TMO,LONG,1,0,0.0,-0.010628552290704252,-0.010628552290704252,-0.010628552290704252,-0.010628552290704252,-0.010628552290704252,0.027964802651347043,-0.012422662360403125,-0.0
FANG,SHORT,1,0,0.0,-0.011672483835898563,-0.011672483835898563,-0.011672483835898563,-0.011672483835898563,-0.011672483835898563,-0.05317277482086791,0.00315692802204115,-0.0
ODFL,LONG,1,0,0.0,-0.01186734837468928,-0.01186734837468928,-0.01186734837468928,-0.01186734837468928,-0.01186734837468928,0.032818340189085804,-0.0025732197997567763,-0.0
BSX,SHORT,1,0,0.0,-0.012772455921143991,-0.012772455921143991,-0.012772455921143991,-0.012772455921143991,-0.012772455921143991,-0.060820265202670476,0.004462418072793239,-0.0
COST,SHORT,1,0,0.0,-0.013759697794386403,-0.013759697794386403,-0.013759697794386403,-0.013759697794386403,-0.013759697794386403,-0.028569855860630655,0.01836081509402754,-0.0
IBKR,LONG,1,0,0.0,-0.014187936689005975,-0.014187936689005975,-0.014187936689005975,-0.014187936689005975,-0.014187936689005975,0.027812881449067017,-0.012531681216558677,-0.0
VST,SHORT,2,0,0.0,-0.014862144682718154,-0.014862144682718154,-0.029724289365436307,-0.0064969055023555555,-0.023227383863080753,-0.034090866446969514,0.005487717587536856,-0.0
VRSK,LONG,1,0,0.0,-0.015198135198135176,-0.015198135198135176,-0.015198135198135176,-0.015198135198135176,-0.015198135198135176,0.027643635956796198,-0.008573871646137099,-0.0
CBOE,SHORT,1,0,0.0,-0.01585178248946562,-0.01585178248946562,-0.01585178248946562,-0.01585178248946562,-0.01585178248946562,-0.02584028495631019,0.005768486907384629,-0.0
LDOS,LONG,1,0,0.0,-0.016361511492014036,-0.016361511492014036,-0.016361511492014036,-0.016361511492014036,-0.016361511492014036,0.03272903593845333,-0.005176470588235338,-0.0
ZBRA,LONG,1,0,0.0,-0.01683004341793115,-0.01683004341793115,-0.01683004341793115,-0.01683004341793115,-0.01683004341793115,0.06385361764292052,-0.010321608930628168,-0.0
DOW,LONG,1,0,0.0,-0.016843971631205656,-0.016843971631205656,-0.016843971631205656,-0.016843971631205656,-0.016843971631205656,0.03441532483230736,-0.03479749001711352,-0.0
DELL,LONG,1,0,0.0,-0.017359818618659206,-0.017359818618659206,-0.017359818618659206,-0.017359818618659206,-0.017359818618659206,0.03327759661575547,-0.017357762777242103,-0.0
TPL,SHORT,1,0,0.0,-0.019014151391395177,-0.019014151391395177,-0.019014151391395177,-0.019014151391395177,-0.019014151391395177,-0.0314206102224992,0.010460652591171016,-0.0
WAT,SHORT,1,0,0.0,-0.019194985799627837,-0.019194985799627837,-0.019194985799627837,-0.019194985799627837,-0.019194985799627837,-0.03203473392185208,0.011040150502499957,-0.0
COHR,LONG,2,0,0.0,-0.02140523070933492,-0.02140523070933492,-0.04281046141866984,-0.010298007406101317,-0.032512454012568526,0.06605158472027861,-0.023901742344792254,-0.0
HII,SHORT,1,0,0.0,-0.02353320053912859,-0.02353320053912859,-0.02353320053912859,-0.02353320053912859,-0.02353320053912859,-0.031133475099232033,0.004011783866641139,-0.0
LITE,LONG,1,0,0.0,-0.02403332020037141,-0.02403332020037141,-0.02403332020037141,-0.02403332020037141,-0.02403332020037141,0.03532423456922551,-0.026105545886835002,-0.0
INTC,LONG,1,0,0.0,-0.024044943820224707,-0.024044943820224707,-0.024044943820224707,-0.024044943820224707,-0.024044943820224707,0.06906131254952919,-0.004140091753384811,-0.0
UAL,LONG,1,0,0.0,-0.024172410445587933,-0.024172410445587933,-0.024172410445587933,-0.024172410445587933,-0.024172410445587933,0.05020580458176083,-0.013314176245210696,-0.0
TGT,LONG,1,0,0.0,-0.024776604386677503,-0.024776604386677503,-0.024776604386677503,-0.024776604386677503,-0.024776604386677503,0.03821691406340322,-0.017557861133280173,-0.0
CVNA,SHORT,1,0,0.0,-0.02615918670964542,-0.02615918670964542,-0.02615918670964542,-0.02615918670964542,-0.02615918670964542,-0.02799337839616567,0.028990591612183092,-0.0
MRVL,SHORT,1,0,0.0,-0.02625243608850157,-0.02625243608850157,-0.02625243608850157,-0.02625243608850157,-0.02625243608850157,-0.05126109394666434,0.03328595119639899,-0.0
RVTY,LONG,1,0,0.0,-0.027720138334663358,-0.027720138334663358,-0.027720138334663358,-0.027720138334663358,-0.027720138334663358,0.0531342226433289,-0.007865287162162171,-0.0
RCL,LONG,1,0,0.0,-0.034779394468900104,-0.034779394468900104,-0.034779394468900104,-0.034779394468900104,-0.034779394468900104,0.07828522702663099,-0.02646558492541229,-0.0
ANET,SHORT,1,0,0.0,-0.04602916085000777,-0.04602916085000777,-0.04602916085000777,-0.04602916085000777,-0.04602916085000777,-0.030216423997195263,0.005772230889235619,-0.0
DLTR,SHORT,3,1,0.3333333333333333,-9.889153185516492e-05,-0.0005917159763314234,-0.00029667459556549473,0.008215661103979408,-0.007920619723213479,-0.055245137143104674,0.00404587050949079,-9.88915318551649e-05
PTC,LONG,2,1,0.5,-0.0007337216199824192,-0.0007337216199824192,-0.0014674432399648385,0.000307559820385217,-0.0017750030603500555,0.047181589247475064,-0.0037912852840530364,-0.0007337216199824192
FIX,LONG,2,1,0.5,-0.004211172407608321,-0.004211172407608321,-0.008422344815216642,0.02708839294695853,-0.03551073776217517,0.03961424238836253,-0.01379859946946077,-0.004211172407608321
TPR,LONG,2,1,0.5,-0.004481179216700104,-0.004481179216700104,-0.008962358433400208,0.00598955831011172,-0.014951916743511928,0.03148073073068314,-0.00803406415792779,-0.004481179216700104
