symbol,trade_direction,trades,wins,losses,win_rate,avg_return,median_return,total_return,best_trade,worst_trade,avg_prior_relative,avg_opening_move,is_original_119,candidate_type,passes_filter,score
LITE,SHORT,2,2,0,1.0,0.061774073772622104,0.061774073772622104,0.12354814754524421,0.1061105862383704,0.0174375613068738,-0.0767893800815019,0.02764765291018585,False,NEW_CANDIDATE,True,0.12354814754524421
SNDK,SHORT,2,2,0,1.0,0.061310090835290904,0.061310090835290904,0.12262018167058181,0.0665191414029653,0.0561010402676165,-0.04197212378031365,0.01946562292036785,False,NEW_CANDIDATE,True,0.12262018167058181
COHR,SHORT,2,2,0,1.0,0.04898088079402875,0.04898088079402875,0.0979617615880575,0.0565799256505576,0.0413818359374999,-0.0387100324298792,0.025102256375058647,False,NEW_CANDIDATE,True,0.0979617615880575
APO,LONG,2,2,0,1.0,0.0453100885015531,0.0453100885015531,0.0906201770031062,0.0647117296222663,0.0259084473808399,0.08068715820118175,-0.01092597034195255,False,NEW_CANDIDATE,True,0.0906201770031062
CDW,LONG,3,3,0,1.0,0.024409739263114866,0.0186431689307713,0.0732292177893446,0.0404019432794917,0.0141841055790816,0.03993093543683183,-0.015519924621283931,False,NEW_CANDIDATE,True,0.0732292177893446
LRCX,SHORT,2,2,0,1.0,0.03508723747237065,0.03508723747237065,0.0701744749447413,0.0410991866788584,0.0290752882658829,-0.0401777225830615,0.011467987458959598,True,ORIGINAL,True,0.0701744749447413
KKR,LONG,2,2,0,1.0,0.03416365400720585,0.03416365400720585,0.0683273080144117,0.0521910961292571,0.0161362118851546,0.08724018320417155,-0.0208155617317848,False,NEW_CANDIDATE,True,0.0683273080144117
LYB,LONG,2,2,0,1.0,0.033800264264618005,0.033800264264618005,0.06760052852923601,0.0470031279059937,0.0205974006232423,0.07368048393150844,-0.01712629449548935,False,NEW_CANDIDATE,True,0.06760052852923601
Q,SHORT,2,2,0,1.0,0.0287408011967541,0.0287408011967541,0.0574816023935082,0.0290273938175421,0.0284542085759661,-0.038685514340641,0.0135537210226114,False,NEW_CANDIDATE,True,0.0574816023935082
BX,LONG,2,2,0,1.0,0.02565132406875275,0.02565132406875275,0.0513026481375055,0.0453817153628652,0.0059209327746403,0.06803331401413724,-0.02401465495033915,False,NEW_CANDIDATE,True,0.0513026481375055
AKAM,LONG,2,2,0,1.0,0.02288473259224385,0.02288473259224385,0.0457694651844877,0.0279864183557978,0.0177830468286899,0.061348148998269306,-0.016363904261212647,False,NEW_CANDIDATE,True,0.0457694651844877
GPN,LONG,3,3,0,1.0,0.014490532129017,0.0146092037983929,0.043471596387051004,0.0244593881856538,0.0044030044030043,0.03957361295281577,-0.011706666282111667,False,NEW_CANDIDATE,True,0.043471596387051004
COIN,LONG,2,2,0,1.0,0.02009951204684585,0.02009951204684585,0.0401990240936917,0.0364581853314767,0.003740838762215,0.1130112609698038,-0.010021368439426,False,NEW_CANDIDATE,True,0.0401990240936917
GEV,SHORT,2,2,0,1.0,0.019293133033899852,0.019293133033899852,0.038586266067799704,0.0279210364708477,0.010665229596952,-0.03893790793232925,0.009517971609118,False,NEW_CANDIDATE,True,0.038586266067799704
EL,SHORT,2,2,0,1.0,0.0176977425077553,0.0176977425077553,0.0353954850155106,0.0263558805606337,0.0090396044548769,-0.06362634295685725,0.006127542310503,False,NEW_CANDIDATE,True,0.0353954850155106
BEN,LONG,3,3,0,1.0,0.011732839895154265,0.0141035548686245,0.035198519685462795,0.0188316679477325,0.0022632968691058,0.03947406999300627,-0.010294904178014999,False,NEW_CANDIDATE,True,0.035198519685462795
FICO,LONG,2,2,0,1.0,0.01733833634655465,0.01733833634655465,0.0346766726931093,0.0208346307405946,0.0138420419525147,0.0382738514169553,-0.00862463019004845,False,NEW_CANDIDATE,True,0.0346766726931093
KEY,LONG,2,2,0,1.0,0.017129564208299752,0.017129564208299752,0.034259128416599505,0.0242518059855523,0.0100073224310472,0.02521615749669965,-0.01301647333861595,False,NEW_CANDIDATE,True,0.034259128416599505
BAC,LONG,2,2,0,1.0,0.0168840234808821,0.0168840234808821,0.0337680469617642,0.0180104712041884,0.0157575757575758,0.0329770838716804,-0.01333790914319705,True,ORIGINAL,True,0.0337680469617642
PWR,LONG,2,2,0,1.0,0.01592332145064425,0.01592332145064425,0.0318466429012885,0.026024664490388,0.0058219784109005,0.0266340856812986,-0.00769018634697945,True,ORIGINAL,True,0.0318466429012885
TTD,LONG,3,2,1,0.6666666666666666,0.0156920819065918,0.0317236517448007,0.0470762457197754,0.0484479865771811,-0.0330953926022064,0.04892725959898427,-0.0197594895150623,False,NEW_CANDIDATE,True,0.031384163813183596
IT,LONG,2,2,0,1.0,0.0146081032991739,0.0146081032991739,0.0292162065983478,0.0214915503306394,0.0077246562677084,0.0740048776164111,-0.0083030266294904,False,NEW_CANDIDATE,True,0.0292162065983478
NRG,SHORT,2,2,0,1.0,0.0144897518234517,0.0144897518234517,0.0289795036469034,0.0255686131608515,0.0034108904860519,-0.03092718261628595,0.0141632326281766,False,NEW_CANDIDATE,True,0.0289795036469034
CFG,LONG,2,2,0,1.0,0.014164763725116849,0.014164763725116849,0.028329527450233698,0.0183413777972796,0.0099881496529541,0.024027203828857452,-0.0098650443413625,False,NEW_CANDIDATE,True,0.028329527450233698
XYZ,LONG,2,2,0,1.0,0.01381948313386225,0.01381948313386225,0.0276389662677245,0.016746217943532,0.0108927483241925,0.07758407558380205,-0.021149494383415,False,NEW_CANDIDATE,True,0.0276389662677245
STX,SHORT,3,2,1,0.6666666666666666,0.013808839734709132,0.0217222437995893,0.0414265192041274,0.0241770503998511,-0.004472774995313,-0.05657539409029663,0.013816422539694133,False,NEW_CANDIDATE,True,0.027617679469418264
ABNB,LONG,2,2,0,1.0,0.0135500380256868,0.0135500380256868,0.0271000760513736,0.0135588056063375,0.0135412704450361,0.0278083547877052,-0.01125974589581815,False,NEW_CANDIDATE,True,0.0271000760513736
AMP,LONG,2,2,0,1.0,0.0118432565900948,0.0118432565900948,0.0236865131801896,0.0207569939659901,0.0029295192141995,0.0241908214279541,-0.009025951582669601,False,NEW_CANDIDATE,True,0.0236865131801896
CINF,LONG,2,2,0,1.0,0.01093314865263305,0.01093314865263305,0.0218662973052661,0.0153048927452397,0.0065614045600264,0.0255410552451659,-0.00619489598283205,False,NEW_CANDIDATE,True,0.0218662973052661
RF,LONG,2,2,0,1.0,0.0108563205498173,0.0108563205498173,0.0217126410996346,0.0150206533984229,0.0066919877012117,0.03288613939453695,-0.007140140360428799,False,NEW_CANDIDATE,True,0.0217126410996346
BF.B,SHORT,1,1,0,1.0,0.1018803418803419,0.1018803418803419,0.1018803418803419,0.1018803418803419,0.1018803418803419,-0.0204607226812933,0.0061919504643963,False,NEW_CANDIDATE,False,0.1018803418803419
GLW,SHORT,1,1,0,1.0,0.0545709773644499,0.0545709773644499,0.0545709773644499,0.0545709773644499,0.0545709773644499,-0.0571516356242972,0.0479955866127252,False,NEW_CANDIDATE,False,0.0545709773644499
PSKY,SHORT,1,1,0,1.0,0.0508885298869144,0.0508885298869144,0.0508885298869144,0.0508885298869144,0.0508885298869144,-0.0961528258400662,0.0222956234516928,False,NEW_CANDIDATE,False,0.0508885298869144
TEL,SHORT,1,1,0,1.0,0.0455699070926807,0.0455699070926807,0.0455699070926807,0.0455699070926807,0.0455699070926807,-0.0649628989793821,0.0333926564256275,False,NEW_CANDIDATE,False,0.0455699070926807
RDDT,LONG,1,1,0,1.0,0.0449800925427739,0.0449800925427739,0.0449800925427739,0.0449800925427739,0.0449800925427739,0.0261198953575705,-0.0209650231774124,False,NEW_CANDIDATE,False,0.0449800925427739
ARES,LONG,1,1,0,1.0,0.0444135373203524,0.0444135373203524,0.0444135373203524,0.0444135373203524,0.0444135373203524,0.0280350445050987,-0.0068146238143476,False,NEW_CANDIDATE,False,0.0444135373203524
UAL,LONG,1,1,0,1.0,0.0427220018309428,0.0427220018309428,0.0427220018309428,0.0427220018309428,0.0427220018309428,0.0234045053364884,-0.0093213080062477,False,NEW_CANDIDATE,False,0.0427220018309428
WDAY,LONG,1,1,0,1.0,0.0419397116644824,0.0419397116644824,0.0419397116644824,0.0419397116644824,0.0419397116644824,0.0934916538518362,-0.0167525773195875,False,NEW_CANDIDATE,False,0.0419397116644824
MAS,SHORT,1,1,0,1.0,0.0412567904859786,0.0412567904859786,0.0412567904859786,0.0412567904859786,0.0412567904859786,-0.0475134909240143,0.0067252974650802,False,NEW_CANDIDATE,False,0.0412567904859786
IFF,SHORT,1,1,0,1.0,0.0412135088723525,0.0412135088723525,0.0412135088723525,0.0412135088723525,0.0412135088723525,-0.0503007731813421,0.0091784338896019,False,NEW_CANDIDATE,False,0.0412135088723525
PAYX,LONG,1,1,0,1.0,0.0395136778115501,0.0395136778115501,0.0395136778115501,0.0395136778115501,0.0395136778115501,0.0598972904954147,-0.0089349535382415,False,NEW_CANDIDATE,False,0.0395136778115501
BBY,LONG,1,1,0,1.0,0.0381322957198444,0.0381322957198444,0.0381322957198444,0.0381322957198444,0.0381322957198444,0.0333658660775317,-0.0163808940600121,False,NEW_CANDIDATE,False,0.0381322957198444
KLAC,SHORT,1,1,0,1.0,0.0358080576200177,0.0358080576200177,0.0358080576200177,0.0358080576200177,0.0358080576200177,-0.035027254104638,0.0140656542693462,False,NEW_CANDIDATE,False,0.0358080576200177
MCHP,SHORT,1,1,0,1.0,0.0353309163289969,0.0353309163289969,0.0353309163289969,0.0353309163289969,0.0353309163289969,-0.0398403255728713,0.0193478260869564,False,NEW_CANDIDATE,False,0.0353309163289969
TRMB,LONG,1,1,0,1.0,0.0353134819691756,0.0353134819691756,0.0353134819691756,0.0353134819691756,0.0353134819691756,0.0222919544852,-0.0139431943932128,False,NEW_CANDIDATE,False,0.0353134819691756
NCLH,SHORT,1,1,0,1.0,0.0339335180055401,0.0339335180055401,0.0339335180055401,0.0339335180055401,0.0339335180055401,-0.0470040733603562,0.0358680057388809,False,NEW_CANDIDATE,False,0.0339335180055401
ECHO,SHORT,1,1,0,1.0,0.0339175167843752,0.0339175167843752,0.0339175167843752,0.0339175167843752,0.0339175167843752,-0.0221546181438644,0.0061408895517149,False,NEW_CANDIDATE,False,0.0339175167843752
CIEN,SHORT,1,1,0,1.0,0.0326285479226656,0.0326285479226656,0.0326285479226656,0.0326285479226656,0.0326285479226656,-0.0350854924292826,0.0356668143553389,False,NEW_CANDIDATE,False,0.0326285479226656
VRSN,LONG,1,1,0,1.0,0.0314680878061159,0.0314680878061159,0.0314680878061159,0.0314680878061159,0.0314680878061159,0.0520912221062184,-0.0129832178341821,False,NEW_CANDIDATE,False,0.0314680878061159
FDS,LONG,1,1,0,1.0,0.031384529926399,0.031384529926399,0.031384529926399,0.031384529926399,0.031384529926399,0.0214393860631312,-0.0064160055191445,False,NEW_CANDIDATE,False,0.031384529926399
STZ,SHORT,1,1,0,1.0,0.0308901901440885,0.0308901901440885,0.0308901901440885,0.0308901901440885,0.0308901901440885,-0.0443827553301887,0.012794029452922,False,NEW_CANDIDATE,False,0.0308901901440885
SBUX,LONG,1,1,0,1.0,0.0302841086481422,0.0302841086481422,0.0302841086481422,0.0302841086481422,0.0302841086481422,0.0308644982393355,-0.0116231228142357,False,NEW_CANDIDATE,False,0.0302841086481422
MOS,SHORT,1,1,0,1.0,0.0297157622739017,0.0297157622739017,0.0297157622739017,0.0297157622739017,0.0297157622739017,-0.088164954588837,0.0459459459459459,False,NEW_CANDIDATE,False,0.0297157622739017
MET,LONG,1,1,0,1.0,0.0281831187410586,0.0281831187410586,0.0281831187410586,0.0281831187410586,0.0281831187410586,0.0387225356525247,-0.0168776371308014,False,NEW_CANDIDATE,False,0.0281831187410586
GDDY,LONG,1,1,0,1.0,0.027282668124658,0.027282668124658,0.027282668124658,0.027282668124658,0.027282668124658,0.0714738111525814,-0.0152901905889953,False,NEW_CANDIDATE,False,0.027282668124658
BLDR,SHORT,1,1,0,1.0,0.0269526672441026,0.0269526672441026,0.0269526672441026,0.0269526672441026,0.0269526672441026,-0.0404354718748339,0.023305526590198,False,NEW_CANDIDATE,False,0.0269526672441026
C,LONG,1,1,0,1.0,0.0267913072808749,0.0267913072808749,0.0267913072808749,0.0267913072808749,0.0267913072808749,0.0363926127195597,-0.0117619047619047,False,NEW_CANDIDATE,False,0.0267913072808749
CTSH,LONG,1,1,0,1.0,0.0266439470219193,0.0266439470219193,0.0266439470219193,0.0266439470219193,0.0266439470219193,0.0333247549353943,-0.0116359182423637,False,NEW_CANDIDATE,False,0.0266439470219193
MSCI,LONG,1,1,0,1.0,0.0263428355060313,0.0263428355060313,0.0263428355060313,0.0263428355060313,0.0263428355060313,0.0221212887606006,-0.0144384123965987,False,NEW_CANDIDATE,False,0.0263428355060313
CMCSA,LONG,1,1,0,1.0,0.0258967347595302,0.0258967347595302,0.0258967347595302,0.0258967347595302,0.0258967347595302,0.0260483573481342,-0.0122338735303463,False,NEW_CANDIDATE,False,0.0258967347595302
ALB,LONG,1,1,0,1.0,0.025858308928905,0.025858308928905,0.025858308928905,0.025858308928905,0.025858308928905,0.0203657169672184,-0.0247326203208555,False,NEW_CANDIDATE,False,0.025858308928905
TYL,LONG,1,1,0,1.0,0.0258103405759375,0.0258103405759375,0.0258103405759375,0.0258103405759375,0.0258103405759375,0.0460317154251477,-0.0075459897483309,False,NEW_CANDIDATE,False,0.0258103405759375
APH,SHORT,1,1,0,1.0,0.0254282750974572,0.0254282750974572,0.0254282750974572,0.0254282750974572,0.0254282750974572,-0.0585174616072097,0.0269962535811356,False,NEW_CANDIDATE,False,0.0254282750974572
SWK,SHORT,1,1,0,1.0,0.0245368052078116,0.0245368052078116,0.0245368052078116,0.0245368052078116,0.0245368052078116,-0.0384168681051213,0.0120359812492079,False,NEW_CANDIDATE,False,0.0245368052078116
FISV,LONG,1,1,0,1.0,0.0241961675868789,0.0241961675868789,0.0241961675868789,0.0241961675868789,0.0241961675868789,0.0587395456459629,-0.0209078623101995,False,NEW_CANDIDATE,False,0.0241961675868789
ON,SHORT,1,1,0,1.0,0.0241379310344828,0.0241379310344828,0.0241379310344828,0.0241379310344828,0.0241379310344828,-0.0300460321517944,0.0188740910205083,False,NEW_CANDIDATE,False,0.0241379310344828
ADBE,LONG,1,1,0,1.0,0.0230855246546188,0.0230855246546188,0.0230855246546188,0.0230855246546188,0.0230855246546188,0.0723639946191441,-0.0114815475129255,True,ORIGINAL,False,0.0230855246546188
CRM,LONG,1,1,0,1.0,0.0224903865614249,0.0224903865614249,0.0224903865614249,0.0224903865614249,0.0224903865614249,0.0383343509606548,-0.0199102427413156,True,ORIGINAL,False,0.0224903865614249
NTAP,LONG,1,1,0,1.0,0.0217694813589119,0.0217694813589119,0.0217694813589119,0.0217694813589119,0.0217694813589119,0.0222505839193196,-0.0142216331940056,False,NEW_CANDIDATE,False,0.0217694813589119
WFC,LONG,1,1,0,1.0,0.0216037615961368,0.0216037615961368,0.0216037615961368,0.0216037615961368,0.0216037615961368,0.0400539578234016,-0.0150822955128605,False,NEW_CANDIDATE,False,0.0216037615961368
PSA,LONG,1,1,0,1.0,0.0207677784770294,0.0207677784770294,0.0207677784770294,0.0207677784770294,0.0207677784770294,0.0211485997459148,-0.005582912007378,False,NEW_CANDIDATE,False,0.0207677784770294
DECK,SHORT,1,1,0,1.0,0.0202443917563377,0.0202443917563377,0.0202443917563377,0.0202443917563377,0.0202443917563377,-0.0267328770151917,0.0106912442396314,False,NEW_CANDIDATE,False,0.0202443917563377
HLT,LONG,1,1,0,1.0,0.0196600450542698,0.0196600450542698,0.0196600450542698,0.0196600450542698,0.0196600450542698,0.0366459739847768,-0.0255275980775305,False,NEW_CANDIDATE,False,0.0196600450542698
PRU,LONG,1,1,0,1.0,0.0195316601911161,0.0195316601911161,0.0195316601911161,0.0195316601911161,0.0195316601911161,0.0293411689426712,-0.0157105943152454,False,NEW_CANDIDATE,False,0.0195316601911161
PANW,LONG,1,1,0,1.0,0.0195194267712646,0.0195194267712646,0.0195194267712646,0.0195194267712646,0.0195194267712646,0.0951166314146498,-0.0059865532803243,True,ORIGINAL,False,0.0195194267712646
APTV,LONG,1,1,0,1.0,0.0194896242288278,0.0194896242288278,0.0194896242288278,0.0194896242288278,0.0194896242288278,0.0364887373840563,-0.0188471591690742,False,NEW_CANDIDATE,False,0.0194896242288278
APP,LONG,1,1,0,1.0,0.0191445780689123,0.0191445780689123,0.0191445780689123,0.0191445780689123,0.0191445780689123,0.2319701682554444,-0.0269752940247849,False,NEW_CANDIDATE,False,0.0191445780689123
HPE,LONG,1,1,0,1.0,0.0190722863197552,0.0190722863197552,0.0190722863197552,0.0190722863197552,0.0190722863197552,0.038708195024284,-0.0241268382352942,False,NEW_CANDIDATE,False,0.0190722863197552
IRM,LONG,1,1,0,1.0,0.0189678823139869,0.0189678823139869,0.0189678823139869,0.0189678823139869,0.0189678823139869,0.0232158825819974,-0.0140378696017162,False,NEW_CANDIDATE,False,0.0189678823139869
MTD,SHORT,1,1,0,1.0,0.0183691494784188,0.0183691494784188,0.0183691494784188,0.0183691494784188,0.0183691494784188,-0.039180609990944,0.0081710627481133,False,NEW_CANDIDATE,False,0.0183691494784188
LEN,SHORT,1,1,0,1.0,0.0182777463727152,0.0182777463727152,0.0182777463727152,0.0182777463727152,0.0182777463727152,-0.0261320422113792,0.0066388467374811,False,NEW_CANDIDATE,False,0.0182777463727152
MAR,LONG,1,1,0,1.0,0.0179463808655748,0.0179463808655748,0.0179463808655748,0.0179463808655748,0.0179463808655748,0.0266537248456766,-0.0215121553672751,False,NEW_CANDIDATE,False,0.0179463808655748
ROP,LONG,1,1,0,1.0,0.0178106476095507,0.0178106476095507,0.0178106476095507,0.0178106476095507,0.0178106476095507,0.0570434815908487,-0.014656513551134,False,NEW_CANDIDATE,False,0.0178106476095507
F,SHORT,1,1,0,1.0,0.0176380368098158,0.0176380368098158,0.0176380368098158,0.0176380368098158,0.0176380368098158,-0.078673934632412,0.0073387408265739,False,NEW_CANDIDATE,False,0.0176380368098158
IBM,LONG,1,1,0,1.0,0.0166954745443117,0.0166954745443117,0.0166954745443117,0.0166954745443117,0.0166954745443117,0.0928815633990229,-0.0067889192352712,True,ORIGINAL,False,0.0166954745443117
VRT,LONG,1,1,0,1.0,0.0166826143029494,0.0166826143029494,0.0166826143029494,0.0166826143029494,0.0166826143029494,0.0220845053364884,-0.0108230452674896,True,ORIGINAL,False,0.0166826143029494
USB,LONG,1,1,0,1.0,0.0165048543689321,0.0165048543689321,0.0165048543689321,0.0165048543689321,0.0165048543689321,0.0248587481949966,-0.0203538139623359,False,NEW_CANDIDATE,False,0.0165048543689321
ZBRA,LONG,2,1,1,0.5,0.015832424731403397,0.015832424731403397,0.031664849462806795,0.0460685109543261,-0.0144036614915193,0.04509994335326515,-0.0115128205021232,False,NEW_CANDIDATE,False,0.015832424731403397
AXON,LONG,2,1,1,0.5,0.01568743246694055,0.01568743246694055,0.0313748649338811,0.0339049590463784,-0.0025300941124973,0.0456918711188322,-0.01218845384873635,False,NEW_CANDIDATE,False,0.01568743246694055
EBAY,LONG,1,1,0,1.0,0.0149392579621319,0.0149392579621319,0.0149392579621319,0.0149392579621319,0.0149392579621319,0.0494167290867559,-0.0122162162162161,False,NEW_CANDIDATE,False,0.0149392579621319
TMUS,LONG,1,1,0,1.0,0.0147893772893772,0.0147893772893772,0.0147893772893772,0.0147893772893772,0.0147893772893772,0.0226085411007026,-0.0083094946192615,False,NEW_CANDIDATE,False,0.0147893772893772
VRSK,LONG,1,1,0,1.0,0.0144551697642032,0.0144551697642032,0.0144551697642032,0.0144551697642032,0.0144551697642032,0.0276436359567961,-0.0375540200134039,False,NEW_CANDIDATE,False,0.0144551697642032
SWKS,SHORT,1,1,0,1.0,0.0140513178565194,0.0140513178565194,0.0140513178565194,0.0140513178565194,0.0140513178565194,-0.033839696028777,0.0230357142857142,False,NEW_CANDIDATE,False,0.0140513178565194
DG,SHORT,1,1,0,1.0,0.0140020195220465,0.0140020195220465,0.0140020195220465,0.0140020195220465,0.0140020195220465,-0.0371827606116866,0.0065045057253201,False,NEW_CANDIDATE,False,0.0140020195220465
MA,LONG,1,1,0,1.0,0.0137635160056686,0.0137635160056686,0.0137635160056686,0.0137635160056686,0.0137635160056686,0.0357420505712906,-0.0093272818185314,True,ORIGINAL,False,0.0137635160056686
AON,LONG,1,1,0,1.0,0.0136003809297065,0.0136003809297065,0.0136003809297065,0.0136003809297065,0.0136003809297065,0.0218213787174603,-0.0053282813332544,False,NEW_CANDIDATE,False,0.0136003809297065
BKNG,LONG,1,1,0,1.0,0.0134396872606814,0.0134396872606814,0.0134396872606814,0.0134396872606814,0.0134396872606814,0.0827819696338465,-0.0057724656927844,True,ORIGINAL,False,0.0134396872606814
HCA,LONG,1,1,0,1.0,0.0132682759801401,0.0132682759801401,0.0132682759801401,0.0132682759801401,0.0132682759801401,0.0332154401472741,-0.0076265267211598,False,NEW_CANDIDATE,False,0.0132682759801401
COF,LONG,1,1,0,1.0,0.0132260850788166,0.0132260850788166,0.0132260850788166,0.0132260850788166,0.0132260850788166,0.0235176290497585,-0.0166945351275312,False,NEW_CANDIDATE,False,0.0132260850788166
SOLV,SHORT,2,2,0,1.0,0.0062672015196490495,0.0062672015196490495,0.012534403039298099,0.0069831417084009,0.0055512613308972,-0.03488772710930725,0.0138839341039381,False,NEW_CANDIDATE,False,0.012534403039298099
BAX,SHORT,1,1,0,1.0,0.0124833997343957,0.0124833997343957,0.0124833997343957,0.0124833997343957,0.0124833997343957,-0.0372922771784732,0.0104669887278583,False,NEW_CANDIDATE,False,0.0124833997343957
ROK,SHORT,1,1,0,1.0,0.0123269783233219,0.0123269783233219,0.0123269783233219,0.0123269783233219,0.0123269783233219,-0.0348034556078391,0.0151382592327473,True,ORIGINAL,False,0.0123269783233219
TER,LONG,1,1,0,1.0,0.0122255489021954,0.0122255489021954,0.0122255489021954,0.0122255489021954,0.0122255489021954,0.0279630977193192,-0.0256393633917861,False,NEW_CANDIDATE,False,0.0122255489021954
ESS,LONG,1,1,0,1.0,0.0116574147501982,0.0116574147501982,0.0116574147501982,0.0116574147501982,0.0116574147501982,0.0350374603143188,-0.0103982734942122,False,NEW_CANDIDATE,False,0.0116574147501982
VZ,LONG,1,1,0,1.0,0.0114806017418844,0.0114806017418844,0.0114806017418844,0.0114806017418844,0.0114806017418844,0.0301230408977946,-0.0113502935420742,True,ORIGINAL,False,0.0114806017418844
SYY,SHORT,1,1,0,1.0,0.0114670969228995,0.0114670969228995,0.0114670969228995,0.0114670969228995,0.0114670969228995,-0.0434021391174234,0.0089534883720929,False,NEW_CANDIDATE,False,0.0114670969228995
JKHY,LONG,1,1,0,1.0,0.0111051083498407,0.0111051083498407,0.0111051083498407,0.0111051083498407,0.0111051083498407,0.0406022233189782,-0.0054625235067609,False,NEW_CANDIDATE,False,0.0111051083498407
PNC,LONG,1,1,0,1.0,0.0109884719156243,0.0109884719156243,0.0109884719156243,0.0109884719156243,0.0109884719156243,0.0304450370628379,-0.0171640711633961,False,NEW_CANDIDATE,False,0.0109884719156243
COP,SHORT,1,1,0,1.0,0.010878767355232,0.010878767355232,0.010878767355232,0.010878767355232,0.010878767355232,-0.0484527087513114,0.0092707309779127,True,ORIGINAL,False,0.010878767355232
PTC,LONG,2,2,0,1.0,0.0054169000349577005,0.0054169000349577005,0.010833800069915401,0.006076308565436,0.0047574915044794,0.047181589247474995,-0.00988603069603735,False,NEW_CANDIDATE,False,0.010833800069915401
PYPL,LONG,1,1,0,1.0,0.0106508875739643,0.0106508875739643,0.0106508875739643,0.0106508875739643,0.0106508875739643,0.0852381550154735,-0.0170262267343485,False,NEW_CANDIDATE,False,0.0106508875739643
DOV,LONG,1,1,0,1.0,0.0105986036396932,0.0105986036396932,0.0105986036396932,0.0105986036396932,0.0105986036396932,0.0205214504438868,-0.0089160125232541,False,NEW_CANDIDATE,False,0.0105986036396932
HST,LONG,1,1,0,1.0,0.0105180120957137,0.0105180120957137,0.0105180120957137,0.0105180120957137,0.0105180120957137,0.0337225220112846,-0.0293517100561511,False,NEW_CANDIDATE,False,0.0105180120957137
TTWO,LONG,1,1,0,1.0,0.0103206077691242,0.0103206077691242,0.0103206077691242,0.0103206077691242,0.0103206077691242,0.0261641369881566,-0.0112906273620559,False,NEW_CANDIDATE,False,0.0103206077691242
CPAY,LONG,1,1,0,1.0,0.0099579197584402,0.0099579197584402,0.0099579197584402,0.0099579197584402,0.0099579197584402,0.0284094711541391,-0.0190017016449233,False,NEW_CANDIDATE,False,0.0099579197584402
AXP,LONG,1,1,0,1.0,0.0099169393405487,0.0099169393405487,0.0099169393405487,0.0099169393405487,0.0099169393405487,0.0284519909912972,-0.0080065250682468,False,NEW_CANDIDATE,False,0.0099169393405487
CSGP,LONG,1,1,0,1.0,0.0095953274926992,0.0095953274926992,0.0095953274926992,0.0095953274926992,0.0095953274926992,0.0983570730547054,-0.0105263157894738,False,NEW_CANDIDATE,False,0.0095953274926992
COHR,LONG,2,1,1,0.5,0.00942465523618985,0.00942465523618985,0.0188493104723797,0.0263295488497161,-0.0074802383773364,0.06605158472027856,-0.0529202532676396,False,NEW_CANDIDATE,False,0.00942465523618985
ADSK,LONG,1,1,0,1.0,0.0086556667568296,0.0086556667568296,0.0086556667568296,0.0086556667568296,0.0086556667568296,0.0760368684836385,-0.0104957271493298,False,NEW_CANDIDATE,False,0.0086556667568296
CVNA,LONG,1,1,0,1.0,0.0086195948949139,0.0086195948949139,0.0086195948949139,0.0086195948949139,0.0086195948949139,0.0314535289250632,-0.0224994569096608,False,NEW_CANDIDATE,False,0.0086195948949139
NFLX,LONG,1,1,0,1.0,0.0082484725050917,0.0082484725050917,0.0082484725050917,0.0082484725050917,0.0082484725050917,0.0468089464695844,-0.011923328470091,True,ORIGINAL,False,0.0082484725050917
CCI,LONG,1,1,0,1.0,0.0075994635672775,0.0075994635672775,0.0075994635672775,0.0075994635672775,0.0075994635672775,0.0312057399907714,-0.0103959301039592,False,NEW_CANDIDATE,False,0.0075994635672775
AJG,SHORT,1,1,0,1.0,0.0073969707643536,0.0073969707643536,0.0073969707643536,0.0073969707643536,0.0073969707643536,-0.0230838772597752,0.0147893302354675,False,NEW_CANDIDATE,False,0.0073969707643536
JPM,LONG,1,1,0,1.0,0.0073022175858934,0.0073022175858934,0.0073022175858934,0.0073022175858934,0.0073022175858934,0.0250565376562288,-0.0107193981157827,True,ORIGINAL,False,0.0073022175858934
CAT,SHORT,1,1,0,1.0,0.0072141861974893,0.0072141861974893,0.0072141861974893,0.0072141861974893,0.0072141861974893,-0.0205963311368493,0.0054640400158421,True,ORIGINAL,False,0.0072141861974893
STT,LONG,1,1,0,1.0,0.0071222791293212,0.0071222791293212,0.0071222791293212,0.0071222791293212,0.0071222791293212,0.0252513960525415,-0.0074662430500398,False,NEW_CANDIDATE,False,0.0071222791293212
REG,LONG,1,1,0,1.0,0.0071039999999999,0.0071039999999999,0.0071039999999999,0.0071039999999999,0.0071039999999999,0.0219671722272563,-0.0053472531669743,False,NEW_CANDIDATE,False,0.0071039999999999
META,LONG,1,1,0,1.0,0.0070122284518436,0.0070122284518436,0.0070122284518436,0.0070122284518436,0.0070122284518436,0.0382773183104783,-0.0115622105588144,True,ORIGINAL,False,0.0070122284518436
STLD,LONG,2,1,1,0.5,0.0069527086917707485,0.0069527086917707485,0.013905417383541497,0.0369280874087303,-0.0230226700251888,0.03867778533630945,-0.01815999058889685,False,NEW_CANDIDATE,False,0.0069527086917707485
TAP,SHORT,1,1,0,1.0,0.006643467257197,0.006643467257197,0.006643467257197,0.006643467257197,0.006643467257197,-0.0329196965034463,0.0114121160409554,False,NEW_CANDIDATE,False,0.006643467257197
FTNT,LONG,1,1,0,1.0,0.0066169393647737,0.0066169393647737,0.0066169393647737,0.0066169393647737,0.0066169393647737,0.0856211295305813,-0.0121813536157822,False,NEW_CANDIDATE,False,0.0066169393647737
ELV,SHORT,2,1,1,0.5,0.006489370111773401,0.006489370111773401,0.012978740223546802,0.0256541118029329,-0.0126753715793861,-0.09061476441563406,0.01556343146351495,True,ORIGINAL,False,0.006489370111773401
KEYS,LONG,1,1,0,1.0,0.0062893081761006,0.0062893081761006,0.0062893081761006,0.0062893081761006,0.0062893081761006,0.0237604537516735,-0.0124710405678514,False,NEW_CANDIDATE,False,0.0062893081761006
SMCI,LONG,1,1,0,1.0,0.0059035749426041,0.0059035749426041,0.0059035749426041,0.0059035749426041,0.0059035749426041,0.0218252173105983,-0.0124696356275304,False,NEW_CANDIDATE,False,0.0059035749426041
FLEX,LONG,3,2,1,0.6666666666666666,0.0026526042456978672,0.0078740157480314,0.007957812737093601,0.0115477145148354,-0.0114639175257732,0.05555383125014316,-0.013241131310622031,False,NEW_CANDIDATE,False,0.0053052084913957345
TSLA,LONG,1,1,0,1.0,0.0050814048740528,0.0050814048740528,0.0050814048740528,0.0050814048740528,0.0050814048740528,0.0249052355627303,-0.0112632564732085,True,ORIGINAL,False,0.0050814048740528
EQT,SHORT,1,1,0,1.0,0.0050016134236849,0.0050016134236849,0.0050016134236849,0.0050016134236849,0.0050016134236849,-0.024186880057301,0.0112579539892314,True,ORIGINAL,False,0.0050016134236849
MGM,LONG,1,1,0,1.0,0.0049421067495059,0.0049421067495059,0.0049421067495059,0.0049421067495059,0.0049421067495059,0.0594798621380101,-0.0220933443800056,False,NEW_CANDIDATE,False,0.0049421067495059
CF,SHORT,2,1,1,0.5,0.004320299342913701,0.004320299342913701,0.008640598685827401,0.0114706538719036,-0.0028300551860762,-0.0330635136633791,0.031729411049310804,False,NEW_CANDIDATE,False,0.004320299342913701
DGX,SHORT,1,1,0,1.0,0.0042522694696608,0.0042522694696608,0.0042522694696608,0.0042522694696608,0.0042522694696608,-0.0231176000774923,0.0067824330174612,False,NEW_CANDIDATE,False,0.0042522694696608
MTB,LONG,1,1,0,1.0,0.0040517340048071,0.0040517340048071,0.0040517340048071,0.0040517340048071,0.0040517340048071,0.0207517147979474,-0.0053053417733047,False,NEW_CANDIDATE,False,0.0040517340048071
NOC,LONG,1,1,0,1.0,0.0035228023793787,0.0035228023793787,0.0035228023793787,0.0035228023793787,0.0035228023793787,0.0283234242554073,-0.0145376859547194,True,ORIGINAL,False,0.0035228023793787
ULTA,SHORT,1,1,0,1.0,0.0033924702580591,0.0033924702580591,0.0033924702580591,0.0033924702580591,0.0033924702580591,-0.0368729428484195,0.005309501294433,False,NEW_CANDIDATE,False,0.0033924702580591
DOW,LONG,1,1,0,1.0,0.0033172496984319,0.0033172496984319,0.0033172496984319,0.0033172496984319,0.0033172496984319,0.0344153248323073,-0.0541928123217343,False,NEW_CANDIDATE,False,0.0033172496984319
EXE,SHORT,1,1,0,1.0,0.0033169820135482,0.0033169820135482,0.0033169820135482,0.0033169820135482,0.0033169820135482,-0.0574387073628643,0.0135423078744258,False,NEW_CANDIDATE,False,0.0033169820135482
GNRC,LONG,3,2,1,0.6666666666666666,0.0014971714250353665,0.0061036713127449,0.0044915142751061,0.0133791523482245,-0.0149913093858633,0.04433191894687236,-0.016220675990665432,False,NEW_CANDIDATE,False,0.0029943428500707327
HBAN,LONG,1,1,0,1.0,0.0029832935560858,0.0029832935560858,0.0029832935560858,0.0029832935560858,0.0029832935560858,0.0212744576968162,-0.0074030204323364,False,NEW_CANDIDATE,False,0.0029832935560858
GRMN,LONG,2,1,1,0.5,0.002894076157768299,0.002894076157768299,0.005788152315536598,0.0244709535092737,-0.0186828011937371,0.03082282435854475,-0.013471041659139149,False,NEW_CANDIDATE,False,0.002894076157768299
ETN,SHORT,1,1,0,1.0,0.0026998143877607,0.0026998143877607,0.0026998143877607,0.0026998143877607,0.0026998143877607,-0.0369555150321367,0.0142620799817445,True,ORIGINAL,False,0.0026998143877607
WDC,SHORT,1,1,0,1.0,0.0025983951089033,0.0025983951089033,0.0025983951089033,0.0025983951089033,0.0025983951089033,-0.034273190171788,0.0190809968847351,False,NEW_CANDIDATE,False,0.0025983951089033
VTRS,LONG,1,1,0,1.0,0.0016806722689075,0.0016806722689075,0.0016806722689075,0.0016806722689075,0.0016806722689075,0.043718388636287,-0.0200922266139657,False,NEW_CANDIDATE,False,0.0016806722689075
OXY,SHORT,2,1,1,0.5,0.0015048774402219006,0.0015048774402219006,0.003009754880443801,0.0197017123918247,-0.0166919575113809,-0.06384728867806605,0.0064434541774511505,True,ORIGINAL,False,0.0015048774402219006
PCAR,SHORT,1,1,0,1.0,0.0007198848184289,0.0007198848184289,0.0007198848184289,0.0007198848184289,0.0007198848184289,-0.0250829301330329,0.0053071727243485,False,NEW_CANDIDATE,False,0.0007198848184289
RJF,LONG,1,1,0,1.0,0.0005592841163311,0.0005592841163311,0.0005592841163311,0.0005592841163311,0.0005592841163311,0.032407378714955,-0.010868857793687,False,NEW_CANDIDATE,False,0.0005592841163311
VLTO,SHORT,1,1,0,1.0,0.0004199475065617,0.0004199475065617,0.0004199475065617,0.0004199475065617,0.0004199475065617,-0.0246542515617013,0.0075100486566532,False,NEW_CANDIDATE,False,0.0004199475065617
EME,LONG,1,0,1,0.0,-0.0005329843073227,-0.0005329843073227,-0.0005329843073227,-0.0005329843073227,-0.0005329843073227,0.0283831216208978,-0.0066215401112524,False,NEW_CANDIDATE,False,-0.0
RL,LONG,1,0,1,0.0,-0.0009437104474296,-0.0009437104474296,-0.0009437104474296,-0.0009437104474296,-0.0009437104474296,0.0299471699027507,-0.0108312169675339,False,NEW_CANDIDATE,False,-0.0
URI,LONG,1,0,1,0.0,-0.0012456371865865,-0.0012456371865865,-0.0012456371865865,-0.0012456371865865,-0.0012456371865865,0.0610660681984418,-0.0055619262538862,False,NEW_CANDIDATE,False,-0.0
DVN,SHORT,1,0,1,0.0,-0.0015753347586362,-0.0015753347586362,-0.0015753347586362,-0.0015753347586362,-0.0015753347586362,-0.0551314132193566,0.0057718424626529,True,ORIGINAL,False,-0.0
WYNN,LONG,1,0,1,0.0,-0.0016209047595658,-0.0016209047595658,-0.0016209047595658,-0.0016209047595658,-0.0016209047595658,0.0302676732290636,-0.0058111143666373,False,NEW_CANDIDATE,False,-0.0
J,LONG,1,0,1,0.0,-0.0017972417840376,-0.0017972417840376,-0.0017972417840376,-0.0017972417840376,-0.0017972417840376,0.0244035483328262,-0.0144592249855407,False,NEW_CANDIDATE,False,-0.0
DPZ,LONG,1,0,1,0.0,-0.0022055908009516,-0.0022055908009516,-0.0022055908009516,-0.0022055908009516,-0.0022055908009516,0.0218514067017971,-0.0061328538705943,False,NEW_CANDIDATE,False,-0.0
TMO,LONG,1,0,1,0.0,-0.0024630541871921,-0.0024630541871921,-0.0024630541871921,-0.0024630541871921,-0.0024630541871921,0.027964802651347,-0.0205066344993969,True,ORIGINAL,False,-0.0
HOOD,LONG,1,0,1,0.0,-0.0025241084719435,-0.0025241084719435,-0.0025241084719435,-0.0025241084719435,-0.0025241084719435,0.0984179162733043,-0.0098051781594462,False,NEW_CANDIDATE,False,-0.0
IQV,LONG,1,0,1,0.0,-0.0027721414077906,-0.0027721414077906,-0.0027721414077906,-0.0027721414077906,-0.0027721414077906,0.0281506908293804,-0.0256731545679836,False,NEW_CANDIDATE,False,-0.0
CHRW,LONG,1,0,1,0.0,-0.0027836865463903,-0.0027836865463903,-0.0027836865463903,-0.0027836865463903,-0.0027836865463903,0.0518536598538827,-0.0161482017362546,False,NEW_CANDIDATE,False,-0.0
TFC,LONG,1,0,1,0.0,-0.0030450669914737,-0.0030450669914737,-0.0030450669914737,-0.0030450669914737,-0.0030450669914737,0.0218029094312255,-0.0078549848942598,False,NEW_CANDIDATE,False,-0.0
APA,SHORT,1,0,1,0.0,-0.0030988534242328,-0.0030988534242328,-0.0030988534242328,-0.0030988534242328,-0.0030988534242328,-0.0440824487781752,0.0187845303867404,False,NEW_CANDIDATE,False,-0.0
NTRS,LONG,1,0,1,0.0,-0.0034027777777778,-0.0034027777777778,-0.0034027777777778,-0.0034027777777778,-0.0034027777777778,0.0213092185948124,-0.0081961567601074,False,NEW_CANDIDATE,False,-0.0
DAL,LONG,1,0,1,0.0,-0.0038180341186027,-0.0038180341186027,-0.0038180341186027,-0.0038180341186027,-0.0038180341186027,0.0232676598387708,-0.0070979190191967,False,NEW_CANDIDATE,False,-0.0
RVTY,LONG,1,0,1,0.0,-0.0041416893732969,-0.0041416893732969,-0.0041416893732969,-0.0041416893732969,-0.0041416893732969,0.0531342226433289,-0.0313555743243243,False,NEW_CANDIDATE,False,-0.0
T,LONG,1,0,1,0.0,-0.0045185957594716,-0.0045185957594716,-0.0045185957594716,-0.0045185957594716,-0.0045185957594716,0.0414220221720764,-0.0055305910819218,False,NEW_CANDIDATE,False,-0.0
PFE,SHORT,1,0,1,0.0,-0.0049130763416477,-0.0049130763416477,-0.0049130763416477,-0.0049130763416477,-0.0049130763416477,-0.0382286706598236,0.0053191489361701,False,NEW_CANDIDATE,False,-0.0
IBKR,LONG,1,0,1,0.0,-0.0052517985611509,-0.0052517985611509,-0.0052517985611509,-0.0052517985611509,-0.0052517985611509,0.027812881449067,-0.0214024218529991,False,NEW_CANDIDATE,False,-0.0
IVZ,LONG,1,0,1,0.0,-0.0053181012408903,-0.0053181012408903,-0.0053181012408903,-0.0053181012408903,-0.0053181012408903,0.0211602837022448,-0.0095591104174793,False,NEW_CANDIDATE,False,-0.0
VST,SHORT,2,0,2,0.0,-0.00553400103703625,-0.00553400103703625,-0.0110680020740725,-0.0023304305163743,-0.0087375715576982,-0.034090866446969445,0.01481338159076315,True,ORIGINAL,False,-0.0
ROST,SHORT,1,0,1,0.0,-0.0063712170898528,-0.0063712170898528,-0.0063712170898528,-0.0063712170898528,-0.0063712170898528,-0.030566512954905,0.0067205885820738,False,NEW_CANDIDATE,False,-0.0
CBOE,SHORT,1,0,1,0.0,-0.0069948615945632,-0.0069948615945632,-0.0069948615945632,-0.0069948615945632,-0.0069948615945632,-0.0258402849563101,0.0146146213484468,False,NEW_CANDIDATE,False,-0.0
LDOS,LONG,1,0,1,0.0,-0.0074964202487576,-0.0074964202487576,-0.0074964202487576,-0.0074964202487576,-0.0074964202487576,0.0327290359384533,-0.0140622837370242,False,NEW_CANDIDATE,False,-0.0
PKG,LONG,1,0,1,0.0,-0.0075524721173267,-0.0075524721173267,-0.0075524721173267,-0.0075524721173267,-0.0075524721173267,0.0229296951824355,-0.0090074409294634,False,NEW_CANDIDATE,False,-0.0
BRK.B,SHORT,1,0,1,0.0,-0.0076164689347277,-0.0076164689347277,-0.0076164689347277,-0.0076164689347277,-0.0076164689347277,-0.0350076816189605,0.0058627858627857,True,ORIGINAL,False,-0.0
CVX,SHORT,1,0,1,0.0,-0.0087672688629118,-0.0087672688629118,-0.0087672688629118,-0.0087672688629118,-0.0087672688629118,-0.0393149407463886,0.0091693924607216,True,ORIGINAL,False,-0.0
DELL,LONG,1,0,1,0.0,-0.0092463065952437,-0.0092463065952437,-0.0092463065952437,-0.0092463065952437,-0.0092463065952437,0.0332775966157554,-0.0254048482027069,False,NEW_CANDIDATE,False,-0.0
ODFL,LONG,1,0,1,0.0,-0.0095476360665781,-0.0095476360665781,-0.0095476360665781,-0.0095476360665781,-0.0095476360665781,0.0218387189045623,-0.0285204106939139,False,NEW_CANDIDATE,False,-0.0
CVNA,SHORT,1,0,1,0.0,-0.0096980786825251,-0.0096980786825251,-0.0096980786825251,-0.0096980786825251,-0.0096980786825251,-0.0279933783961656,0.0457662254823791,False,NEW_CANDIDATE,False,-0.0
COST,SHORT,1,0,1,0.0,-0.0107523615709381,-0.0107523615709381,-0.0107523615709381,-0.0107523615709381,-0.0107523615709381,-0.0285698558606306,0.0213907890858888,True,ORIGINAL,False,-0.0
HUBB,SHORT,1,0,1,0.0,-0.011468873263591,-0.011468873263591,-0.011468873263591,-0.011468873263591,-0.011468873263591,-0.0377154648964767,0.0073421439060206,True,ORIGINAL,False,-0.0
DVA,SHORT,1,0,1,0.0,-0.0119717388460027,-0.0119717388460027,-0.0119717388460027,-0.0119717388460027,-0.0119717388460027,-0.0234309084524507,0.0100102415012059,False,NEW_CANDIDATE,False,-0.0
CCL,LONG,1,0,1,0.0,-0.0121714588110777,-0.0121714588110777,-0.0121714588110777,-0.0121714588110777,-0.0121714588110777,0.0239104765204341,-0.0077017328899002,False,NEW_CANDIDATE,False,-0.0
BIIB,SHORT,1,0,1,0.0,-0.0132344308661082,-0.0132344308661082,-0.0132344308661082,-0.0132344308661082,-0.0132344308661082,-0.0336835001816169,0.0154713198038312,False,NEW_CANDIDATE,False,-0.0
TPR,LONG,1,0,1,0.0,-0.0142376903302352,-0.0142376903302352,-0.0142376903302352,-0.0142376903302352,-0.0142376903302352,0.0324247429266959,-0.0137814470519405,False,NEW_CANDIDATE,False,-0.0
AZO,LONG,1,0,1,0.0,-0.0146707349458315,-0.0146707349458315,-0.0146707349458315,-0.0146707349458315,-0.0146707349458315,0.0210356861943219,-0.0201683349706608,False,NEW_CANDIDATE,False,-0.0
TGT,LONG,1,0,1,0.0,-0.0225931202931,-0.0225931202931,-0.0225931202931,-0.0225931202931,-0.0225931202931,0.0382169140634032,-0.01975259377494,True,ORIGINAL,False,-0.0
LITE,LONG,1,0,1,0.0,-0.0226580994250928,-0.0226580994250928,-0.0226580994250928,-0.0226580994250928,-0.0226580994250928,0.0353242345692255,-0.0274759157496609,False,NEW_CANDIDATE,False,-0.0
MRVL,SHORT,1,0,1,0.0,-0.0236706689536877,-0.0236706689536877,-0.0236706689536877,-0.0236706689536877,-0.0236706689536877,-0.0512610939466643,0.0358919687277896,False,NEW_CANDIDATE,False,-0.0
WAT,SHORT,1,0,1,0.0,-0.0237400400039346,-0.0237400400039346,-0.0237400400039346,-0.0237400400039346,-0.0237400400039346,-0.032034733921852,0.0065514794461771,False,NEW_CANDIDATE,False,-0.0
RCL,LONG,1,0,1,0.0,-0.0276235612728502,-0.0276235612728502,-0.0276235612728502,-0.0276235612728502,-0.0276235612728502,0.0782852270266309,-0.0336299398063335,False,NEW_CANDIDATE,False,-0.0
ANET,SHORT,1,0,1,0.0,-0.0309179851715966,-0.0309179851715966,-0.0309179851715966,-0.0309179851715966,-0.0309179851715966,-0.0302164239971952,0.0205148205928238,False,NEW_CANDIDATE,False,-0.0
CMG,LONG,2,1,1,0.5,-0.00028611658036330006,-0.00028611658036330006,-0.0005722331607266001,0.0025531914893617,-0.0031254246500883,0.0223429810731222,-0.02534554076560105,False,NEW_CANDIDATE,False,-0.00028611658036330006
BLK,LONG,2,1,1,0.5,-0.006819653168865439,-0.006819653168865439,-0.013639306337730878,7.148678209412118e-05,-0.013710793119825,0.027110042441000952,-0.01598855410807555,True,ORIGINAL,False,-0.006819653168865439
FIX,LONG,2,1,1,0.5,-0.010490666309813951,-0.010490666309813951,-0.020981332619627903,0.0141180810760959,-0.0350994136957238,0.0396142423883625,-0.0077296551674874,False,NEW_CANDIDATE,False,-0.010490666309813951
