target_dte,moneyness_mode,slippage_per_side,executed_trades,coverage,win_rate,avg_option_return,median_option_return,profit_factor,portfolio_return,max_drawdown,avg_entry_premium,avg_contract_cost,positive_days,trading_days,rank_score
14,ATM,0.0,170,0.6827309236947792,0.5764705882352941,0.0843705268046473,0.055945609669392216,2.814581726027159,0.44313207391241094,0.0,9.35164705882353,935.1647058823529,4,4,1.218584960192249
14,OTM_1,0.0,175,0.7028112449799196,0.5657142857142857,0.07590748567630627,0.050000000000000044,2.306117839126044,0.40687586904066575,0.0,7.983942857142858,798.3942857142857,4,4,0.9207060002437347
7,ITM_1,0.0,100,0.40160642570281124,0.62,0.11647574915926985,0.052460512060215625,3.031207500139323,0.5842403220858992,0.0,9.104100000000003,910.41,4,4,0.8791106102420627
7,OTM_1,0.0,113,0.4538152610441767,0.584070796460177,0.117556974115993,0.04629629629629628,2.544586924939607,0.5705750577288506,0.0,6.6128318584070795,661.2831858407079,4,4,0.8428484653463892
7,ATM,0.0,108,0.43373493975903615,0.6388888888888888,0.11177238565558946,0.08012820512820518,2.6532031442573176,0.5729994122345954,-0.021876478179739922,6.757777777777778,675.7777777777778,3,4,0.8357343306727805
14,ITM_1,0.0,148,0.5943775100401606,0.5608108108108109,0.07770959759312424,0.0343857832988268,2.6461602158450153,0.39901596307609366,-0.0033710596377608537,10.719797297297298,1071.9797297297298,3,4,0.8310723400057571
14,OTM_2,0.0,181,0.7269076305220884,0.5580110497237569,0.06877395619711048,0.028000000000000025,2.119100731575166,0.3199776931220417,0.0,7.0207182320441985,702.0718232044198,4,4,0.7953108790998578
7,OTM_2,0.0,108,0.43373493975903615,0.6018518518518519,0.11430875680388068,0.0656972875650711,2.52080584519547,0.5622068787006804,0.0,6.306388888888889,630.6388888888889,4,4,0.7817084129621211
14,ITM_2,0.0,120,0.4819277108433735,0.5583333333333333,0.08596804368944702,0.05290497882202505,2.983789419035959,0.40331793997396237,0.0,9.558916666666667,955.8916666666667,4,4,0.7560861663459064
14,ATM,0.01,170,0.6827309236947792,0.5588235294117647,0.06289784310554535,0.035035795616532917,2.1612558121550434,0.33217525473814713,0.0,9.445163529411765,944.5163529411766,4,4,0.6762241021745923
7,OTM_1,0.01,113,0.4538152610441767,0.5575221238938053,0.09542713304438917,0.025577557755775526,2.1477610570040215,0.4498196425937797,-0.01831529471455806,6.67896017699115,667.8960176991151,3,4,0.5413223982279205
7,ITM_1,0.01,100,0.40160642570281124,0.57,0.09436731848284863,0.03161970984120144,2.4707030444356173,0.46243423785848137,0.0,9.195141,919.5141,4,4,0.5337251566680955
7,OTM_2,0.01,108,0.43373493975903615,0.5925925925925926,0.09224323686717018,0.04459437097962404,2.130711115621156,0.4420948603440682,-0.010237979275582565,6.369452777777779,636.9452777777778,3,4,0.5196703262587642
7,ATM,0.01,108,0.43373493975903615,0.6018518518518519,0.08975709089013223,0.058739527798933766,2.2160425745418477,0.4520575978992212,-0.04124526079004209,6.8253555555555545,682.5355555555556,3,4,0.5182266197146624
14,OTM_1,0.01,175,0.7028112449799196,0.5428571428571428,0.05460238695004272,0.029207920792079234,1.8306588023319434,0.2987066486181871,0.0,8.063782285714284,806.3782285714286,4,4,0.5045013341397437
14,ITM_1,0.01,148,0.5943775100401606,0.5540540540540541,0.05636881348236929,0.013902896500830209,2.023898542201749,0.2914510602906506,-0.023106286179587543,10.82699527027027,1082.699527027027,3,4,0.4467373265246952
14,ITM_2,0.01,120,0.4819277108433735,0.5583333333333333,0.06446372599262627,0.03205537528099478,2.258491386042845,0.295422274896296,0.0,9.654505833333333,965.4505833333334,4,4,0.4291409133310179
14,OTM_2,0.01,181,0.7269076305220884,0.5082872928176796,0.04761011548033597,0.00764356435643565,1.685458067184382,0.21848973588141174,0.0,7.090925414364641,709.0925414364641,4,4,0.3988824738671236
21,ITM_2,0.0,37,0.14859437751004015,0.7027027027027027,0.10698810180295136,0.0931372549019609,4.498089556355172,0.3392685141486498,-0.0002149758801979207,11.123513513513513,1112.3513513513512,3,4,0.30559418802800703
21,ITM_1,0.0,49,0.19678714859437751,0.6326530612244898,0.08969367080826435,0.049056603773584895,3.5194257650557423,0.37765798922210214,0.0,12.847142857142856,1284.7142857142858,4,4,0.2751021561168366
7,ITM_2,0.0,88,0.3534136546184739,0.5,0.07121298304335814,0.004065040650406471,2.2371695569857213,0.38076693827665253,-0.0015874117527467924,10.435795454545454,1043.5795454545455,3,4,0.26367192333274053
21,ATM,0.0,57,0.2289156626506024,0.6491228070175439,0.07626000236373466,0.0625,3.142168158401747,0.3455588244810097,-0.046001576698928015,10.460877192982457,1046.0877192982457,3,4,0.25700034324129134
7,OTM_1,0.025,113,0.4538152610441767,0.49557522123893805,0.06304199976887147,-0.004742547425474308,1.6649548479186003,0.28582450254189595,-0.047337754589959036,6.778152654867257,677.8152654867255,3,4,0.23959270111721992
21,OTM_1,0.0,62,0.24899598393574296,0.5806451612903226,0.07345751041228299,0.02734541577825156,2.8198191212768355,0.33849116294116066,-0.0015753566971307142,6.35758064516129,635.758064516129,3,4,0.23543597504580438
7,OTM_2,0.025,108,0.43373493975903615,0.5277777777777778,0.059952232081740234,0.013712054025311504,1.6532900304028268,0.27897350259564835,-0.0394992363553881,6.464048611111111,646.4048611111111,3,4,0.22683894331463622
7,ATM,0.025,108,0.43373493975903615,0.5555555555555556,0.057539586355316884,0.027439024390244038,1.6817588675231177,0.28780931339890925,-0.06958982070755726,6.926722222222223,692.6722222222221,3,4,0.22655673732197723
7,ITM_1,0.025,100,0.40160642570281124,0.5,0.06201351749296407,0.0011209748865466107,1.818042846473961,0.2970122083809372,-0.024175207948653576,9.3317025,933.1702499999999,3,4,0.22104814693415642
14,ATM,0.025,170,0.6827309236947792,0.5058823529411764,0.03147440354588407,0.004436067734299942,1.4733124541259144,0.18148736152986844,-0.013632000269811262,9.585438235294117,958.5438235294115,3,4,0.20601347174158743
21,ITM_2,0.01,37,0.14859437751004015,0.6216216216216216,0.08506754533160577,0.07149097262667459,3.3104952539484676,0.2362973606163803,-0.02001269913009507,11.23474864864865,1123.4748648648647,3,4,0.15512458869341908
21,ITM_1,0.01,49,0.19678714859437751,0.5714285714285714,0.06811557831701158,0.02828320567905851,2.5938464316031604,0.2717352180791366,-0.0025030445764577802,12.975614285714286,1297.5614285714287,3,4,0.13872723565689513
14,OTM_1,0.025,175,0.7028112449799196,0.49714285714285716,0.023424193692096234,-0.0012195121951218413,1.3005803930285154,0.15180452888595575,-0.026785395909541987,8.183541428571427,818.3541428571428,3,4,0.13713903837949085
14,ITM_2,0.025,120,0.4819277108433735,0.5083333333333333,0.032993992777766754,0.0015437603429019342,1.5175790089230135,0.14889166435919532,-0.025673789970484417,9.797889583333331,979.7889583333332,3,4,0.13100806707718785
7,ITM_2,0.01,88,0.3534136546184739,0.45454545454545453,0.05000084476527181,-0.01581743540207675,1.7519277250352794,0.27460513211790216,-0.021357958054672443,10.540153409090909,1054.015340909091,3,4,0.1292461248372562
21,ATM,0.01,57,0.2289156626506024,0.5789473684210527,0.05494792310900722,0.04146039603960383,2.301688050632882,0.24210403342261588,-0.06489263458607797,10.56548596491228,1056.5485964912282,3,4,0.11883488283072764
21,OTM_1,0.01,62,0.24899598393574296,0.5483870967741935,0.05220092604768333,0.007001942198484268,2.085641398145835,0.23557977692353815,-0.021346141713029065,6.4211564516129025,642.1156451612902,3,4,0.11460941827025581
14,ITM_1,0.025,148,0.5943775100401606,0.4797297297297297,0.025138397710532882,-0.016072059788920734,1.3695720980077168,0.1453696503825772,-0.05198710550908969,10.98779222972973,1098.779222972973,3,4,0.11352772504744026
14,OTM_2,0.025,181,0.7269076305220884,0.4530386740331492,0.016638641260666113,-0.022146341463414654,1.2016190888715186,0.0806612853507247,-0.029222017432212644,7.196236187845303,719.6236187845304,3,4,0.08606556053566307
21,OTM_2,0.0,58,0.23293172690763053,0.5172413793103449,0.03972791185184928,0.014355704697986527,1.6929499089671083,0.153466096687648,-0.03841910779260915,9.124827586206896,912.4827586206897,3,4,0.059429637397809335
21,ITM_2,0.025,37,0.14859437751004015,0.5675675675675675,0.05298868220280745,0.039813486370158024,2.1122024269451867,0.09645461546130996,-0.048984977056773626,11.401601351351351,1140.1601351351353,2,4,0.05473563961859444
30,ATM,0.0,32,0.1285140562248996,0.59375,0.05264866268123841,0.039445453045056866,2.1948384219680213,0.27328260118044767,0.0,13.1734375,1317.34375,4,4,0.04987916119198838
30,OTM_1,0.0,38,0.15261044176706828,0.5263157894736842,0.043640433118510714,0.004907829038588218,2.023587298912571,0.3019979586374655,-0.02544432750484127,7.331315789473684,733.1315789473684,3,4,0.0426404085290362
21,ITM_1,0.025,49,0.19678714859437751,0.4897959183673469,0.03653788198834906,-0.0021168890934193385,1.6608692161821492,0.1278839492242867,-0.03199297673975521,13.168321428571426,1316.8321428571426,3,4,0.03967454888121703
7,ITM_2,0.025,88,0.3534136546184739,0.4090909090909091,0.018958691187584652,-0.04491374182034502,1.2333240432274257,0.1304292353294132,-0.0502904648379785,10.69669034090909,1069.669034090909,3,4,0.03019399769563328
21,ATM,0.025,57,0.2289156626506024,0.5087719298245614,0.02375951444355253,0.010670731707317138,1.434046799860704,0.10160447131451411,-0.09253808515263873,10.722399122807017,1072.2399122807017,3,4,0.027422079099207523
21,OTM_1,0.025,62,0.24899598393574296,0.43548387096774194,0.02109372941656193,-0.022768994747516758,1.337094571555064,0.09581820064958158,-0.05027899783385592,6.516520161290321,651.6520161290322,3,4,0.022928258902373988
7,OTM_1,0.05,113,0.4538152610441767,0.39823008849557523,0.011122976581136458,-0.05335097001763689,1.0953068377588582,0.05243654700603906,-0.09386582518385633,6.943473451327434,694.3473451327434,3,4,0.021396619121644915
30,ATM,0.01,32,0.1285140562248996,0.5625,0.031804134707352466,0.018862374766936862,1.616121554922557,0.17538484816751665,-0.01375272423928986,13.305171875000001,1330.5171875,3,4,0.02073355245471337
21,OTM_2,0.01,58,0.23293172690763053,0.5,0.019139240330030477,-0.005730546880191312,1.2900593923509156,0.06478056926614051,-0.05746031357889414,9.216075862068966,921.6075862068965,3,4,0.02071013696895667
7,ITM_1,0.05,100,0.40160642570281124,0.43,0.010144725429815484,-0.0477738224217098,1.102915233716042,0.061593590194190195,-0.07183453845177201,9.559305,955.9305,3,4,0.01802701389717833
30,ITM_1,0.0,28,0.11244979919678715,0.4642857142857143,0.035821957435659475,-0.005319148936170193,1.7563785498881777,0.2795368458578693,-0.02765478945878297,12.406785714285714,1240.6785714285713,2,4,0.016913878569393886
7,OTM_2,0.05,108,0.43373493975903615,0.46296296296296297,0.008184113298749109,-0.03579769220303103,1.0727266183852844,0.046829061137855676,-0.08641014056269525,6.621708333333334,662.1708333333335,3,4,0.01686356591730648
30,OTM_2,0.0,39,0.1566265060240964,0.5641025641025641,0.021753318061721427,0.004899135446685632,1.381706340347735,0.09340842582659215,-0.08096136006317667,9.220512820512822,922.0512820512821,3,4,0.015342167771192313
30,OTM_1,0.01,38,0.15261044176706828,0.4473684210526316,0.022974285928045134,-0.014991335892868995,1.4408192915847098,0.20189239333730247,-0.044742459633458354,7.404628947368423,740.4628947368419,3,4,0.013334712721101545
7,ATM,0.05,108,0.43373493975903615,0.46296296296296297,0.005889301307438013,-0.022741147741147882,1.0563501842548464,0.054061098008672204,-0.11503109930547906,7.095666666666667,709.5666666666667,3,4,0.011643062831456163
30,ITM_1,0.01,28,0.11244979919678715,0.4642857142857143,0.015310631545844373,-0.02501579945228566,1.2684652724373484,0.18115822826692196,-0.04690915006355956,12.530853571428574,1253.0853571428568,2,4,0.005124903736893148
30,OTM_2,0.01,39,0.1566265060240964,0.48717948717948717,0.0015205790902021866,-0.014999857334436872,1.023130603471672,0.009340499417646253,-0.09916014501242076,9.312717948717951,931.271794871795,3,4,0.0006744747162323066
21,ITM_2,0.05,37,0.14859437751004015,0.4594594594594595,0.0015606635360034965,-0.010971055088702109,1.0227205954985363,-0.10256111377272803,-0.16911348477611832,11.67968918918919,1167.968918918919,1,4,0.0005669699635663466
30,ATM,0.025,32,0.1285140562248996,0.5,0.0012999474284951483,-0.0112592032010434,1.020094238455571,0.0424321710709068,-0.04291007163798044,13.5027734375,1350.27734375,2,4,0.0004621839363249689
30,ITM_2,0.0,19,0.07630522088353414,0.42105263157894735,0.002639968237409231,-0.014598540145985384,1.0661854565271216,0.05259662133184473,-0.06495018750957715,9.292105263157895,929.2105263157895,2,4,0.00037014305225966716
30,ITM_2,0.05,19,0.07630522088353414,0.15789473684210525,-0.09284955254710602,-0.10844629822732021,0.12435087507862948,-0.2946588906443959,-0.30361535714079013,9.75671052631579,975.671052631579,1,4,-0.0004651338015441148
30,ITM_2,0.025,19,0.07630522088353414,0.2631578947368421,-0.046269298505878964,-0.06266690404130304,0.3393594135527644,-0.1382426963035569,-0.190739174907815,9.524407894736841,952.4407894736842,2,4,-0.0011542068077704264
30,ITM_2,0.01,19,0.07630522088353414,0.3684210526315789,-0.017214288559371172,-0.03411144034111446,0.6640084126396202,-0.0283334439669799,-0.11450170565275763,9.385026315789474,938.5026315789473,2,4,-0.0012567746621045554
30,OTM_1,0.025,38,0.15261044176706828,0.4473684210526316,-0.007268856301904363,-0.04411206506085491,0.8913708447636152,0.06594133737008145,-0.0729836286021659,7.514598684210525,751.4598684210526,2,4,-0.0025413985937617622
30,ITM_1,0.025,28,0.11244979919678715,0.39285714285714285,-0.014705942927055562,-0.053840166061234984,0.7986153339708965,0.04755250009405465,-0.07508626314372036,12.716955357142854,1271.6955357142856,2,4,-0.0025536393496661354
30,ITM_1,0.05,28,0.11244979919678715,0.32142857142857145,-0.06282775279630819,-0.10005065856129697,0.37994813752289686,-0.14258708414167298,-0.1719983122354859,13.027125000000002,1302.7125,2,4,-0.003895570227431618
30,OTM_2,0.05,39,0.1566265060240964,0.23076923076923078,-0.0755565217536807,-0.09080554411966546,0.30679746105612393,-0.26731105114562737,-0.26731105114562737,9.68153846153846,968.153846153846,0,4,-0.004128725047956543
21,ITM_1,0.05,49,0.19678714859437751,0.3673469387755102,-0.01408667879252283,-0.050853548966756645,0.8264227690128187,-0.07683646827498058,-0.11524023329474653,13.489500000000003,1348.9499999999998,2,4,-0.005282185580270002
30,ATM,0.05,32,0.1285140562248996,0.40625,-0.04760359090745106,-0.05954935200685335,0.4655575032672374,-0.14677803040689308,-0.15737582407608897,13.832109375,1383.2109375,1,4,-0.0056553258440589175
30,OTM_1,0.05,38,0.15261044176706828,0.34210526315789475,-0.055753893845157075,-0.09079767848889642,0.40209820745079394,-0.12753597540328798,-0.19064183622000352,7.697881578947368,769.7881578947369,1,4,-0.006059851837771443
30,OTM_2,0.025,39,0.1566265060240964,0.41025641025641024,-0.028088307209582,-0.04412033457510378,0.6477350484409148,-0.10483020961337586,-0.12579251323082663,9.451025641025641,945.1025641025641,2,4,-0.0064851129782442125
21,OTM_2,0.025,58,0.23293172690763053,0.4482758620689655,-0.010990522872631116,-0.03512506138484195,0.8622123599699902,-0.05566119704137462,-0.08532549277833557,9.352948275862067,935.2948275862069,2,4,-0.006943214658222987
21,ATM,0.05,57,0.2289156626506024,0.42105263157894735,-0.026240950242335408,-0.038690476190476275,0.667903306670204,-0.09834600004530214,-0.13685856939426833,10.98392105263158,1098.3921052631579,2,4,-0.011218532076359412
21,OTM_1,0.05,62,0.24899598393574296,0.3870967741935484,-0.0287765381984107,-0.07049700477205828,0.6738936120939899,-0.10308201394658101,-0.14570223895266798,6.675459677419355,667.5459677419356,1,4,-0.012845939271894568
21,OTM_2,0.05,58,0.23293172690763053,0.3620689655172414,-0.05929379403880312,-0.08224960051134556,0.43882025055700513,-0.22706662765807006,-0.22706662765807006,9.581068965517243,958.1068965517244,0,4,-0.013619516844218537
7,ITM_2,0.05,88,0.3534136546184739,0.3409090909090909,-0.030807301056009383,-0.09156020131629894,0.7140044373930962,-0.07475317299298345,-0.1634903749338048,10.957585227272729,1095.7585227272727,1,4,-0.021367563942316325
14,ITM_2,0.05,120,0.4819277108433735,0.44166666666666665,-0.01745748428097659,-0.047371685827691634,0.797491917827683,-0.05964183002274415,-0.07895242064095997,10.036862500000002,1003.6862500000001,2,4,-0.030086578506743605
14,ATM,0.05,170,0.6827309236947792,0.38823529411764707,-0.01890285670055731,-0.044620638870549956,0.7894368231472867,-0.03296252587996129,-0.09146272829090052,9.819229411764704,981.9229411764708,1,4,-0.04725034256120476
14,ITM_1,0.05,148,0.5943775100401606,0.41216216216216217,-0.024929411701459125,-0.0641271484439187,0.7277987155894317,-0.06252456885742275,-0.13202034282417474,11.255787162162164,1125.5787162162164,1,4,-0.04776727085971669
14,OTM_1,0.05,175,0.7028112449799196,0.38857142857142857,-0.026559893911913487,-0.050000000000000155,0.7367855295396029,-0.05725767489241351,-0.10317564216103026,8.383140000000001,838.3140000000001,1,4,-0.06408425642473384
14,OTM_2,0.05,181,0.7269076305220884,0.35359116022099446,-0.03301403963118586,-0.06990476190476203,0.693593079162675,-0.11548782171339345,-0.11548782171339345,7.371754143646409,737.1754143646409,1,4,-0.0709836783121786
