signal_id,trading_date,symbol,trade_direction,option_type,option_symbol,target_dte,actual_dte,moneyness_mode,underlying_entry_price,target_strike,strike_price,slippage_per_side,entry_timestamp_et,exit_timestamp_et,raw_entry_premium,raw_exit_premium,entry_fill_premium,exit_fill_premium,entry_contract_cost,exit_contract_value,pnl_per_contract,option_return,entry_bar_volume,exit_bar_volume,result
2026-03-03:APP:LONG,2026-03-03,APP,LONG,call,APP260313C00417500,7,10,OTM_1,412.995,417.12495,417.5,0.025,2026-03-03 09:45:00-05:00,2026-03-03 13:00:00-05:00,25.0,37.0,25.624999999999996,36.074999999999996,2562.4999999999995,3607.4999999999995,1045.0,0.4078048780487804,10,1,WIN
2026-03-03:BX:LONG,2026-03-03,BX,LONG,call,BX260313C00107000,7,10,OTM_1,106.42,107.4842,107.0,0.025,2026-03-03 09:45:00-05:00,2026-03-03 13:20:00-05:00,3.8,7.25,3.8949999999999996,7.06875,389.49999999999994,706.875,317.375,0.8148267008985881,5,1,WIN
2026-03-03:COHR:LONG,2026-03-03,COHR,LONG,call,COHR260313C00287500,7,10,OTM_1,283.55,286.38550000000004,287.5,0.025,2026-03-03 14:25:00-05:00,2026-03-03 15:55:00-05:00,15.5,14.65,15.8875,14.28375,1588.75,1428.375,-160.37499999999997,-0.10094413847364281,2,2,LOSS
2026-03-03:DELL:LONG,2026-03-03,DELL,LONG,call,DELL260313C00149000,7,10,OTM_1,147.755,149.23255,149.0,0.025,2026-03-03 09:40:00-05:00,2026-03-03 15:40:00-05:00,4.98,2.99,5.1045,2.9152500000000003,510.45,291.52500000000003,-218.92499999999995,-0.42888627681457525,3,2,LOSS
2026-03-03:DLTR:SHORT,2026-03-03,DLTR,SHORT,put,DLTR260313P00117000,7,10,OTM_1,118.3,117.11699999999999,117.0,0.025,2026-03-03 09:45:00-05:00,2026-03-03 14:00:00-05:00,3.3,2.33,3.3824999999999994,2.27175,338.24999999999994,227.17499999999998,-111.07499999999995,-0.328381374722838,1,1,LOSS
2026-03-03:F:SHORT,2026-03-03,F,SHORT,put,F260313P00013000,7,10,OTM_1,13.13,12.998700000000001,13.0,0.025,2026-03-03 09:40:00-05:00,2026-03-03 15:55:00-05:00,0.27,0.46,0.27675,0.4485,27.675,44.85,17.175,0.6205962059620598,1,1,WIN
2026-03-03:HAL:SHORT,2026-03-03,HAL,SHORT,put,HAL260313P00035500,7,10,OTM_1,35.775,35.417249999999996,35.5,0.025,2026-03-03 09:40:00-05:00,2026-03-03 14:25:00-05:00,1.25,1.34,1.28125,1.3065,128.125,130.65,2.5249999999999995,0.01970731707317075,10,1,WIN
2026-03-03:HPE:LONG,2026-03-03,HPE,LONG,call,HPE260313C00022000,7,10,OTM_1,21.61,21.8261,22.0,0.025,2026-03-03 09:55:00-05:00,2026-03-03 14:40:00-05:00,0.82,1.0,0.8404999999999999,0.975,84.05,97.5,13.450000000000006,0.16002379535990485,1,3,WIN
2026-03-03:LITE:LONG,2026-03-03,LITE,LONG,call,LITE260313C00717500,7,10,OTM_1,710.68,717.7868,717.5,0.025,2026-03-03 12:00:00-05:00,2026-03-03 15:55:00-05:00,52.61,44.0,53.92524999999999,42.9,5392.524999999999,4290.0,-1102.5249999999992,-0.2044543140736481,1,2,LOSS
2026-03-03:MCD:SHORT,2026-03-03,MCD,SHORT,put,MCD260313P00327500,7,10,OTM_1,331.825,328.50675,327.5,0.025,2026-03-03 09:40:00-05:00,2026-03-03 15:35:00-05:00,2.91,2.82,2.98275,2.7495,298.275,274.95,-23.324999999999996,-0.07819964797586121,10,20,LOSS
2026-03-03:STX:SHORT,2026-03-03,STX,SHORT,put,STX260313P00357500,7,10,OTM_1,362.25,358.6275,357.5,0.025,2026-03-03 11:30:00-05:00,2026-03-03 15:55:00-05:00,19.25,18.8,19.73125,18.330000000000002,1973.125,1833.0000000000002,-140.12499999999974,-0.0710167880899587,1,1,LOSS
2026-03-03:TER:LONG,2026-03-03,TER,LONG,call,TER260313C00310000,7,10,OTM_1,306.115,309.17615,310.0,0.025,2026-03-03 11:15:00-05:00,2026-03-03 15:55:00-05:00,13.8,12.07,14.145,11.76825,1414.5,1176.825,-237.67499999999995,-0.16802757158006354,1,2,LOSS
2026-03-03:TTD:LONG,2026-03-03,TTD,LONG,call,TTD260313C00024000,7,10,OTM_1,23.76,23.997600000000002,24.0,0.025,2026-03-03 09:55:00-05:00,2026-03-03 15:50:00-05:00,1.05,1.65,1.07625,1.60875,107.625,160.875,53.25,0.494773519163763,2,1,WIN
2026-03-03:WFC:LONG,2026-03-03,WFC,LONG,call,WFC260313C00081000,7,10,OTM_1,80.32,81.1232,81.0,0.025,2026-03-03 10:10:00-05:00,2026-03-03 14:05:00-05:00,2.21,3.45,2.26525,3.36375,226.525,336.375,109.85000000000001,0.48493543758966995,2,2,WIN
2026-03-03:XYZ:LONG,2026-03-03,XYZ,LONG,call,XYZ260313C00063000,7,10,OTM_1,62.5,63.125,63.0,0.025,2026-03-03 09:45:00-05:00,2026-03-03 15:55:00-05:00,1.88,2.15,1.9269999999999998,2.09625,192.7,209.625,16.92500000000001,0.08783082511676188,23,5,WIN
2026-03-04:ANET:SHORT,2026-03-04,ANET,SHORT,put,ANET260313P00128000,7,9,OTM_1,128.94,127.6506,128.0,0.025,2026-03-04 11:25:00-05:00,2026-03-04 15:55:00-05:00,3.0,2.21,3.0749999999999997,2.15475,307.5,215.475,-92.02499999999998,-0.29926829268292676,1,1,LOSS
2026-03-04:APA:SHORT,2026-03-04,APA,SHORT,put,APA260313P00031000,7,9,OTM_1,31.095,30.784049999999997,31.0,0.025,2026-03-04 10:35:00-05:00,2026-03-04 15:40:00-05:00,1.17,0.97,1.19925,0.94575,119.925,94.575,-25.349999999999994,-0.21138211382113814,1,4,LOSS
2026-03-04:BAC:LONG,2026-03-04,BAC,LONG,call,BAC260313C00050000,7,9,OTM_1,49.46,49.9546,50.0,0.025,2026-03-04 09:40:00-05:00,2026-03-04 15:55:00-05:00,0.75,1.03,0.7687499999999999,1.00425,76.875,100.42500000000001,23.550000000000015,0.3063414634146344,21,8,WIN
2026-03-04:BBY:LONG,2026-03-04,BBY,LONG,call,BBY260313C00067000,7,9,OTM_1,66.03,66.69030000000001,67.0,0.025,2026-03-04 09:40:00-05:00,2026-03-04 15:45:00-05:00,1.55,2.11,1.5887499999999999,2.05725,158.875,205.72499999999997,46.849999999999994,0.2948859166011015,1,13,WIN
2026-03-04:BRK.B:SHORT,2026-03-04,BRK.B,SHORT,put,BRKB260313P00480000,7,9,OTM_1,485.25,480.3975,480.0,0.025,2026-03-04 09:40:00-05:00,2026-03-04 15:55:00-05:00,3.95,2.72,4.04875,2.652,404.875,265.2,-139.67499999999998,-0.3449830194504476,3,8,LOSS
2026-03-04:C:LONG,2026-03-04,C,LONG,call,C260313C00112000,7,9,OTM_1,111.14,112.2514,112.0,0.025,2026-03-04 09:40:00-05:00,2026-03-04 15:55:00-05:00,2.35,2.44,2.40875,2.379,240.875,237.9,-2.9749999999999943,-0.012350804359107403,7,1,LOSS
2026-03-04:COHR:LONG,2026-03-04,COHR,LONG,call,COHR260313C00287500,7,9,OTM_1,284.045,286.88545,287.5,0.025,2026-03-04 10:00:00-05:00,2026-03-04 15:55:00-05:00,9.97,11.0,10.21925,10.725,1021.9250000000001,1072.5,50.5749999999999,0.04948993321427686,2,1,WIN
2026-03-04:CRWD:LONG,2026-03-04,CRWD,LONG,call,CRWD260313C00387500,7,9,OTM_1,384.08,387.9208,387.5,0.025,2026-03-04 09:40:00-05:00,2026-03-04 14:40:00-05:00,14.0,26.16,14.349999999999998,25.506,1434.9999999999998,2550.6,1115.6000000000001,0.7774216027874568,1,1,WIN
2026-03-04:DAL:LONG,2026-03-04,DAL,LONG,call,DAL260313C00065000,7,9,OTM_1,64.19,64.8319,65.0,0.025,2026-03-04 09:55:00-05:00,2026-03-04 15:25:00-05:00,2.45,1.76,2.51125,1.716,251.125,171.6,-79.525,-0.316674962667994,1,34,LOSS
2026-03-04:F:SHORT,2026-03-04,F,SHORT,put,F260313P00013000,7,9,OTM_1,13.14,13.008600000000001,13.0,0.025,2026-03-04 09:50:00-05:00,2026-03-04 15:55:00-05:00,0.28,0.39,0.287,0.38025,28.7,38.025,9.325,0.32491289198606266,28,6,WIN
2026-03-04:GS:LONG,2026-03-04,GS,LONG,call,GS260313C00870000,7,9,OTM_1,861.91,870.5291,870.0,0.025,2026-03-04 10:00:00-05:00,2026-03-04 15:55:00-05:00,25.05,20.84,25.67625,20.319,2567.625,2031.8999999999999,-535.725,-0.20864612238936764,1,3,LOSS
2026-03-04:HUM:SHORT,2026-03-04,HUM,SHORT,put,HUM260313P00180000,7,9,OTM_1,182.23,180.40769999999998,180.0,0.025,2026-03-04 10:25:00-05:00,2026-03-04 15:00:00-05:00,3.9,3.9,3.9974999999999996,3.8024999999999998,399.74999999999994,380.25,-19.499999999999986,-0.04878048780487798,2,2,LOSS
2026-03-04:IBKR:LONG,2026-03-04,IBKR,LONG,call,IBKR260313C00071000,7,9,OTM_1,70.13,70.8313,71.0,0.025,2026-03-04 13:35:00-05:00,2026-03-04 15:15:00-05:00,1.05,1.05,1.07625,1.02375,107.625,102.375,-5.249999999999999,-0.04878048780487809,4,2,LOSS
2026-03-04:JPM:LONG,2026-03-04,JPM,LONG,call,JPM260313C00300000,7,9,OTM_1,297.84,300.8184,300.0,0.025,2026-03-04 09:40:00-05:00,2026-03-04 15:55:00-05:00,4.65,5.45,4.76625,5.31375,476.62500000000006,531.375,54.74999999999994,0.114870180959874,89,69,WIN
2026-03-04:MA:LONG,2026-03-04,MA,LONG,call,MA260313C00527500,7,9,OTM_1,522.435,527.6593499999999,527.5,0.025,2026-03-04 11:10:00-05:00,2026-03-04 12:20:00-05:00,8.21,6.59,8.41525,6.42525,841.5250000000001,642.525,-199.00000000000003,-0.23647544636225903,1,1,LOSS
2026-03-04:MS:LONG,2026-03-04,MS,LONG,call,MS260313C00170000,7,9,OTM_1,167.56,169.2356,170.0,0.025,2026-03-04 11:10:00-05:00,2026-03-04 15:05:00-05:00,2.98,2.74,3.0544999999999995,2.6715,305.44999999999993,267.15,-38.299999999999955,-0.12538877066623,1,1,LOSS
2026-03-04:NRG:SHORT,2026-03-04,NRG,SHORT,put,NRG260313P00162500,7,9,OTM_1,164.0,162.35999999999999,162.5,0.025,2026-03-04 10:25:00-05:00,2026-03-04 11:35:00-05:00,3.85,4.25,3.9462499999999996,4.14375,394.62499999999994,414.375,19.75000000000002,0.05004751346214764,2,1,WIN
2026-03-04:OXY:SHORT,2026-03-04,OXY,SHORT,put,OXY260313P00053000,7,9,OTM_1,53.075,52.544250000000005,53.0,0.025,2026-03-04 09:40:00-05:00,2026-03-04 15:55:00-05:00,1.56,1.25,1.599,1.21875,159.9,121.875,-38.025,-0.23780487804878048,5,1,LOSS
2026-03-04:PM:SHORT,2026-03-04,PM,SHORT,put,PM260313P00175000,7,9,OTM_1,177.58,175.8042,175.0,0.025,2026-03-04 11:40:00-05:00,2026-03-04 13:15:00-05:00,1.8,1.65,1.845,1.60875,184.5,160.875,-23.625000000000007,-0.12804878048780488,1,5,LOSS
2026-03-04:RCL:LONG,2026-03-04,RCL,LONG,call,RCL260313C00300000,7,9,OTM_1,297.59,300.5659,300.0,0.025,2026-03-04 10:20:00-05:00,2026-03-04 15:40:00-05:00,7.34,4.08,7.523499999999999,3.9779999999999998,752.3499999999999,397.79999999999995,-354.54999999999995,-0.47125672891606296,2,1,LOSS
2026-03-04:RDDT:LONG,2026-03-04,RDDT,LONG,call,RDDT260313C00147000,7,9,OTM_1,145.83,147.28830000000002,147.0,0.025,2026-03-04 09:40:00-05:00,2026-03-04 14:55:00-05:00,6.3,6.4,6.4575,6.24,645.75,624.0,-21.749999999999936,-0.03368176538908241,1,1,LOSS
2026-03-04:TGT:LONG,2026-03-04,TGT,LONG,call,TGT260313C00124000,7,9,OTM_1,123.1,124.33099999999999,124.0,0.025,2026-03-04 09:40:00-05:00,2026-03-04 15:55:00-05:00,2.95,1.44,3.0237499999999997,1.404,302.375,140.39999999999998,-161.97499999999997,-0.5356758991318726,3,2,LOSS
2026-03-04:TTWO:LONG,2026-03-04,TTWO,LONG,call,TTWO260313C00217500,7,9,OTM_1,214.78,216.9278,217.5,0.025,2026-03-04 11:20:00-05:00,2026-03-04 14:20:00-05:00,3.2,4.0,3.28,3.9,328.0,390.0,62.000000000000014,0.18902439024390238,1,1,WIN
2026-03-04:UAL:LONG,2026-03-04,UAL,LONG,call,UAL260313C00104000,7,9,OTM_1,103.01,104.04010000000001,104.0,0.025,2026-03-04 10:00:00-05:00,2026-03-04 15:55:00-05:00,5.0,2.37,5.125,2.31075,512.5,231.07500000000002,-281.425,-0.5491219512195122,5,3,LOSS
2026-03-04:UBER:LONG,2026-03-04,UBER,LONG,call,UBER260313C00076000,7,9,OTM_1,75.24,75.99239999999999,76.0,0.025,2026-03-04 09:40:00-05:00,2026-03-04 15:45:00-05:00,2.01,2.5,2.0602499999999995,2.4375,206.02499999999995,243.75,37.72500000000005,0.18310884601383348,2,3,WIN
2026-03-04:VST:SHORT,2026-03-04,VST,SHORT,put,VST260313P00160000,7,9,OTM_1,162.385,160.76115,160.0,0.025,2026-03-04 11:15:00-05:00,2026-03-04 14:35:00-05:00,5.37,4.52,5.50425,4.406999999999999,550.425,440.69999999999993,-109.72500000000008,-0.19934595994004645,1,2,LOSS
2026-03-04:WDAY:LONG,2026-03-04,WDAY,LONG,call,WDAY260313C00145000,7,9,OTM_1,143.57,145.0057,145.0,0.025,2026-03-04 09:45:00-05:00,2026-03-04 14:55:00-05:00,4.25,4.2,4.356249999999999,4.095,435.62499999999994,409.5,-26.124999999999954,-0.05997130559540875,1,5,LOSS
2026-03-04:WFC:LONG,2026-03-04,WFC,LONG,call,WFC260313C00083000,7,9,OTM_1,82.61,83.4361,83.0,0.025,2026-03-04 10:30:00-05:00,2026-03-04 15:05:00-05:00,1.78,1.91,1.8244999999999998,1.86225,182.45,186.225,3.7750000000000172,0.020690600164428696,66,40,WIN
2026-03-04:XYZ:LONG,2026-03-04,XYZ,LONG,call,XYZ260313C00064000,7,9,OTM_1,63.07,63.7007,64.0,0.025,2026-03-04 09:40:00-05:00,2026-03-04 15:00:00-05:00,1.89,2.75,1.9372499999999997,2.68125,193.72499999999997,268.125,74.40000000000002,0.38404955478126235,3,2,WIN
2026-03-05:APA:SHORT,2026-03-05,APA,SHORT,put,APA260313P00032000,7,8,OTM_1,32.21,31.887900000000002,32.0,0.025,2026-03-05 12:25:00-05:00,2026-03-05 15:15:00-05:00,0.91,0.94,0.93275,0.9165,93.27499999999999,91.64999999999999,-1.6249999999999987,-0.017421602787456414,3,2,LOSS
2026-03-05:BSX:SHORT,2026-03-05,BSX,SHORT,put,BSX260313P00071000,7,8,OTM_1,72.03,71.3097,71.0,0.025,2026-03-05 10:55:00-05:00,2026-03-05 13:50:00-05:00,1.58,1.35,1.6195,1.3162500000000001,161.95,131.625,-30.32499999999998,-0.18724915097252226,1,1,LOSS
2026-03-05:CF:SHORT,2026-03-05,CF,SHORT,put,CF260313P00110000,7,8,OTM_1,110.74,109.6326,110.0,0.025,2026-03-05 10:20:00-05:00,2026-03-05 10:35:00-05:00,2.65,2.8,2.7162499999999996,2.73,271.62499999999994,273.0,1.3750000000000373,0.005062126092959085,1,1,WIN
2026-03-05:CMCSA:LONG,2026-03-05,CMCSA,LONG,call,CMCSA260313C00032000,7,8,OTM_1,31.91,32.2291,32.0,0.025,2026-03-05 10:00:00-05:00,2026-03-05 14:45:00-05:00,0.5,0.43,0.5125,0.41925,51.24999999999999,41.925000000000004,-9.324999999999994,-0.18195121951219506,1,2,LOSS
2026-03-05:COP:SHORT,2026-03-05,COP,SHORT,put,COP260313P00117000,7,8,OTM_1,118.24,117.0576,117.0,0.025,2026-03-05 14:20:00-05:00,2026-03-05 15:50:00-05:00,2.65,2.67,2.7162499999999996,2.60325,271.62499999999994,260.325,-11.299999999999955,-0.04160147261849956,137,20,LOSS
2026-03-05:CVNA:SHORT,2026-03-05,CVNA,SHORT,put,CVNA260313P00320000,7,8,OTM_1,322.64,319.4136,320.0,0.025,2026-03-05 09:40:00-05:00,2026-03-05 15:55:00-05:00,11.6,8.5,11.889999999999999,8.2875,1188.9999999999998,828.75,-360.2499999999999,-0.3029857022708158,2,5,LOSS
2026-03-05:CVX:SHORT,2026-03-05,CVX,SHORT,put,CVX260313P00187500,7,8,OTM_1,188.4,186.516,187.5,0.025,2026-03-05 09:40:00-05:00,2026-03-05 15:50:00-05:00,2.85,2.63,2.9212499999999997,2.56425,292.12499999999994,256.425,-35.699999999999974,-0.12220795892169445,17,2,LOSS
2026-03-05:DECK:SHORT,2026-03-05,DECK,SHORT,put,DECK260313P00108000,7,8,OTM_1,109.42,108.3258,108.0,0.025,2026-03-05 11:30:00-05:00,2026-03-05 11:35:00-05:00,2.65,2.65,2.7162499999999996,2.5837499999999998,271.62499999999994,258.375,-13.249999999999984,-0.04878048780487798,1,1,LOSS
2026-03-05:DVN:SHORT,2026-03-05,DVN,SHORT,put,DVN260313P00044000,7,8,OTM_1,44.33,43.8867,44.0,0.025,2026-03-05 10:10:00-05:00,2026-03-05 15:50:00-05:00,0.99,0.98,1.0147499999999998,0.9555,101.47499999999998,95.55,-5.92499999999998,-0.05838876570583873,4,10,LOSS
2026-03-05:GLW:SHORT,2026-03-05,GLW,SHORT,put,GLW260313P00138000,7,8,OTM_1,139.03,137.6397,138.0,0.025,2026-03-05 09:45:00-05:00,2026-03-05 15:55:00-05:00,4.75,8.1,4.8687499999999995,7.897499999999999,486.87499999999994,789.7499999999999,302.87499999999994,0.6220795892169448,24,11,WIN
2026-03-05:HUM:SHORT,2026-03-05,HUM,SHORT,put,HUM260313P00180000,7,8,OTM_1,182.395,180.57105,180.0,0.025,2026-03-05 09:45:00-05:00,2026-03-05 15:25:00-05:00,4.64,4.65,4.755999999999999,4.53375,475.5999999999999,453.37500000000006,-22.224999999999895,-0.04673044575273322,2,1,LOSS
2026-03-05:LEN:SHORT,2026-03-05,LEN,SHORT,put,LEN260313P00105000,7,8,OTM_1,106.32,105.2568,105.0,0.025,2026-03-05 10:40:00-05:00,2026-03-05 15:20:00-05:00,3.1,3.7,3.1774999999999998,3.6075,317.75,360.75,43.000000000000014,0.1353265145554683,1,15,WIN
2026-03-05:LRCX:SHORT,2026-03-05,LRCX,SHORT,put,LRCX260313P00217500,7,8,OTM_1,219.47,217.2753,217.5,0.025,2026-03-05 09:40:00-05:00,2026-03-05 15:05:00-05:00,9.55,11.3,9.78875,11.0175,978.875,1101.75,122.87499999999997,0.12552675264972546,1,1,WIN
2026-03-05:NCLH:SHORT,2026-03-05,NCLH,SHORT,put,NCLH260313P00021000,7,8,OTM_1,21.29,21.077099999999998,21.0,0.025,2026-03-05 09:40:00-05:00,2026-03-05 15:55:00-05:00,0.61,0.76,0.62525,0.741,62.525,74.1,11.575000000000003,0.18512594962015205,2,12,WIN
2026-03-05:OXY:SHORT,2026-03-05,OXY,SHORT,put,OXY260313P00054000,7,8,OTM_1,54.33,53.786699999999996,54.0,0.025,2026-03-05 09:40:00-05:00,2026-03-05 15:25:00-05:00,1.36,1.94,1.394,1.8915,139.39999999999998,189.15,49.75000000000001,0.3568866571018652,4,2,WIN
2026-03-05:STX:SHORT,2026-03-05,STX,SHORT,put,STX260313P00370000,7,8,OTM_1,374.145,370.40355,370.0,0.025,2026-03-05 09:45:00-05:00,2026-03-05 15:40:00-05:00,16.0,18.85,16.4,18.37875,1639.9999999999998,1837.875,197.87500000000017,0.12065548780487823,1,1,WIN
2026-03-05:STZ:SHORT,2026-03-05,STZ,SHORT,put,STZ260313P00150000,7,8,OTM_1,151.485,149.97015000000002,150.0,0.025,2026-03-05 10:20:00-05:00,2026-03-05 14:40:00-05:00,2.0,3.7,2.05,3.6075,204.99999999999997,360.75,155.75,0.7597560975609756,1,10,WIN
2026-03-05:T:LONG,2026-03-05,T,LONG,call,T260313C00029000,7,8,OTM_1,28.77,29.0577,29.0,0.025,2026-03-05 09:40:00-05:00,2026-03-05 15:55:00-05:00,0.35,0.48,0.35874999999999996,0.46799999999999997,35.87499999999999,46.8,10.925,0.30452961672473866,2,11,WIN
2026-03-05:TPR:LONG,2026-03-05,TPR,LONG,call,TPR260313C00152500,7,8,OTM_1,151.82,153.3382,152.5,0.025,2026-03-05 11:05:00-05:00,2026-03-05 14:30:00-05:00,2.62,2.1,2.6854999999999998,2.0475,268.54999999999995,204.75,-63.79999999999999,-0.23757214671383353,1,1,LOSS
2026-03-05:TXN:SHORT,2026-03-05,TXN,SHORT,put,TXN260313P00200000,7,8,OTM_1,201.51,199.4949,200.0,0.025,2026-03-05 10:10:00-05:00,2026-03-05 14:25:00-05:00,3.8,7.02,3.8949999999999996,6.844499999999999,389.49999999999994,684.4499999999999,294.94999999999993,0.7572528883183569,10,2,WIN
2026-03-06:ABNB:LONG,2026-03-06,ABNB,LONG,call,ABNB260313C00134000,7,7,OTM_1,132.66,133.9866,134.0,0.025,2026-03-06 09:45:00-05:00,2026-03-06 15:50:00-05:00,2.67,2.62,2.73675,2.5545,273.67499999999995,255.45,-18.22499999999998,-0.0665935872841874,1,2,LOSS
2026-03-06:ADSK:LONG,2026-03-06,ADSK,LONG,call,ADSK260313C00262500,7,7,OTM_1,260.42,263.0242,262.5,0.025,2026-03-06 10:10:00-05:00,2026-03-06 15:50:00-05:00,4.4,4.9,4.51,4.7775,451.0,477.75,26.750000000000007,0.059312638580931276,1,1,WIN
2026-03-06:APP:LONG,2026-03-06,APP,LONG,call,APP260313C00502500,7,7,OTM_1,496.675,501.64175,502.5,0.025,2026-03-06 09:50:00-05:00,2026-03-06 15:55:00-05:00,22.04,23.69,22.590999999999998,23.09775,2259.1,2309.775,50.67500000000038,0.022431499269620847,7,4,WIN
2026-03-06:AXP:LONG,2026-03-06,AXP,LONG,call,AXP260313C00297500,7,7,OTM_1,295.79,298.7479,297.5,0.025,2026-03-06 09:55:00-05:00,2026-03-06 15:15:00-05:00,8.1,9.0,8.302499999999998,8.775,830.2499999999999,877.5,47.25000000000019,0.056910569105691255,1,1,WIN
2026-03-06:BAC:LONG,2026-03-06,BAC,LONG,call,BAC260313C00048000,7,7,OTM_1,47.65,48.1265,48.0,0.025,2026-03-06 09:40:00-05:00,2026-03-06 15:55:00-05:00,1.01,1.37,1.03525,1.33575,103.525,133.575,30.049999999999997,0.2902680511953635,164,28,WIN
2026-03-06:BKNG:LONG,2026-03-06,BKNG,LONG,call,BKNG260313C04540000,7,7,OTM_1,4494.54,4539.4854,4540.0,0.025,2026-03-06 12:50:00-05:00,2026-03-06 15:05:00-05:00,92.7,115.0,95.0175,112.125,9501.75,11212.5,1710.7500000000002,0.18004578104033464,1,2,WIN
2026-03-06:BX:LONG,2026-03-06,BX,LONG,call,BX260313C00111000,7,7,OTM_1,109.74,110.8374,111.0,0.025,2026-03-06 09:40:00-05:00,2026-03-06 15:55:00-05:00,3.0,3.3,3.0749999999999997,3.2175,307.5,321.75,14.250000000000007,0.04634146341463419,17,12,WIN
2026-03-06:C:LONG,2026-03-06,C,LONG,call,C260313C00104000,7,7,OTM_1,103.17,104.2017,104.0,0.025,2026-03-06 09:40:00-05:00,2026-03-06 15:10:00-05:00,2.65,3.8,2.7162499999999996,3.7049999999999996,271.62499999999994,370.49999999999994,98.875,0.36401288541187315,1,2,WIN
2026-03-06:CIEN:SHORT,2026-03-06,CIEN,SHORT,put,CIEN260313P00300000,7,7,OTM_1,303.64,300.6036,300.0,0.025,2026-03-06 09:45:00-05:00,2026-03-06 15:30:00-05:00,15.29,17.08,15.672249999999998,16.653,1567.225,1665.3,98.07500000000005,0.06257876182424349,1,1,WIN
2026-03-06:CMCSA:LONG,2026-03-06,CMCSA,LONG,call,CMCSA260313C00031500,7,7,OTM_1,31.295,31.607950000000002,31.5,0.025,2026-03-06 09:40:00-05:00,2026-03-06 15:50:00-05:00,0.46,0.77,0.4715,0.75075,47.15,75.075,27.925000000000004,0.5922587486744435,5,4,WIN
2026-03-06:COHR:SHORT,2026-03-06,COHR,SHORT,put,COHR260313P00242500,7,7,OTM_1,243.945,241.50555,242.5,0.025,2026-03-06 10:15:00-05:00,2026-03-06 15:40:00-05:00,8.8,20.11,9.02,19.60725,902.0,1960.7250000000001,1058.7250000000001,1.1737527716186253,1,1,WIN
2026-03-06:COST:SHORT,2026-03-06,COST,SHORT,put,COST260313P00975000,7,7,OTM_1,984.76,974.9123999999999,975.0,0.025,2026-03-06 09:40:00-05:00,2026-03-06 15:55:00-05:00,12.77,6.25,13.089249999999998,6.09375,1308.9249999999997,609.375,-699.5499999999998,-0.5344462058559505,1,1,LOSS
2026-03-06:CRM:LONG,2026-03-06,CRM,LONG,call,CRM260313C00202500,7,7,OTM_1,199.935,201.93435,202.5,0.025,2026-03-06 09:40:00-05:00,2026-03-06 15:55:00-05:00,3.8,5.18,3.8949999999999996,5.0504999999999995,389.49999999999994,505.04999999999995,115.55,0.29666238767650843,7,5,WIN
2026-03-06:CVNA:LONG,2026-03-06,CVNA,LONG,call,CVNA260313C00322500,7,7,OTM_1,318.38,321.5638,322.5,0.025,2026-03-06 10:15:00-05:00,2026-03-06 15:35:00-05:00,10.8,11.3,11.07,11.0175,1107.0,1101.75,-5.250000000000021,-0.004742547425474308,6,2,LOSS
2026-03-06:DE:SHORT,2026-03-06,DE,SHORT,put,DE260313P00582500,7,7,OTM_1,587.64,581.7636,582.5,0.025,2026-03-06 10:05:00-05:00,2026-03-06 10:45:00-05:00,10.76,8.89,11.028999999999998,8.66775,1102.8999999999999,866.775,-236.12499999999983,-0.2140946595339558,1,1,LOSS
2026-03-06:DG:SHORT,2026-03-06,DG,SHORT,put,DG260313P00146000,7,7,OTM_1,146.99,145.5201,146.0,0.025,2026-03-06 09:55:00-05:00,2026-03-06 10:05:00-05:00,6.7,7.5,6.8675,7.3125,686.75,731.25,44.50000000000003,0.06479796141245009,2,2,WIN
2026-03-06:DLTR:SHORT,2026-03-06,DLTR,SHORT,put,DLTR260313P00114000,7,7,OTM_1,114.89,113.7411,114.0,0.025,2026-03-06 10:10:00-05:00,2026-03-06 11:25:00-05:00,2.77,2.64,2.83925,2.574,283.92499999999995,257.4,-26.525,-0.09342255877432426,1,1,LOSS
2026-03-06:DOW:LONG,2026-03-06,DOW,LONG,call,DOW260313C00034000,7,7,OTM_1,33.84,34.1784,34.0,0.025,2026-03-06 09:40:00-05:00,2026-03-06 15:55:00-05:00,0.94,0.74,0.9634999999999999,0.7215,96.35,72.15,-24.19999999999999,-0.2511676180591592,100,1,LOSS
2026-03-06:EBAY:LONG,2026-03-06,EBAY,LONG,call,EBAY260313C00093000,7,7,OTM_1,92.025,92.94525,93.0,0.025,2026-03-06 09:40:00-05:00,2026-03-06 15:25:00-05:00,1.48,1.71,1.517,1.66725,151.7,166.725,15.024999999999999,0.09904416611733691,1,1,WIN
2026-03-06:FISV:LONG,2026-03-06,FISV,LONG,call,FISV260313C00063000,7,7,OTM_1,62.55,63.1755,63.0,0.025,2026-03-06 09:50:00-05:00,2026-03-06 15:50:00-05:00,1.17,1.67,1.19925,1.62825,119.925,162.825,42.900000000000006,0.3577235772357725,3,60,WIN
2026-03-06:FTNT:LONG,2026-03-06,FTNT,LONG,call,FTNT260313C00085000,7,7,OTM_1,83.865,84.70365,85.0,0.025,2026-03-06 09:50:00-05:00,2026-03-06 15:55:00-05:00,1.45,1.49,1.4862499999999998,1.45275,148.62499999999997,145.275,-3.3499999999999863,-0.02253994953742633,1,4,LOSS
2026-03-06:GDDY:LONG,2026-03-06,GDDY,LONG,call,GDDY260313C00093000,7,7,OTM_1,91.865,92.78365,93.0,0.025,2026-03-06 10:10:00-05:00,2026-03-06 15:40:00-05:00,2.12,3.1,2.173,3.0225,217.3,302.25,84.94999999999999,0.3909341923607914,1,3,WIN
2026-03-06:GNRC:LONG,2026-03-06,GNRC,LONG,call,GNRC260313C00210000,7,7,OTM_1,207.315,209.38815,210.0,0.025,2026-03-06 10:35:00-05:00,2026-03-06 15:50:00-05:00,5.5,3.35,5.637499999999999,3.26625,563.7499999999999,326.625,-237.12499999999994,-0.420620842572062,1,1,LOSS
2026-03-06:HLT:LONG,2026-03-06,HLT,LONG,call,HLT260313C00297500,7,7,OTM_1,294.45,297.3945,297.5,0.025,2026-03-06 11:00:00-05:00,2026-03-06 13:25:00-05:00,5.8,6.2,5.944999999999999,6.045,594.4999999999999,604.5,10.000000000000053,0.016820857863751204,1,7,WIN
2026-03-06:HOOD:LONG,2026-03-06,HOOD,LONG,call,HOOD260313C00078000,7,7,OTM_1,77.345,78.11845,78.0,0.025,2026-03-06 09:40:00-05:00,2026-03-06 15:55:00-05:00,3.15,2.78,3.22875,2.7104999999999997,322.875,271.04999999999995,-51.82500000000001,-0.16051103368176545,30,22,LOSS
2026-03-06:IBM:LONG,2026-03-06,IBM,LONG,call,IBM260313C00255000,7,7,OTM_1,253.5,256.035,255.0,0.025,2026-03-06 09:40:00-05:00,2026-03-06 15:50:00-05:00,5.29,7.45,5.422249999999999,7.26375,542.2249999999999,726.375,184.1500000000001,0.3396191617870812,2,2,WIN
2026-03-06:INTC:LONG,2026-03-06,INTC,LONG,call,INTC260313C00045000,7,7,OTM_1,44.5,44.945,45.0,0.025,2026-03-06 09:40:00-05:00,2026-03-06 15:55:00-05:00,1.4,0.95,1.4349999999999998,0.9262499999999999,143.49999999999997,92.62499999999999,-50.87499999999999,-0.3545296167247387,452,266,LOSS
2026-03-06:INTU:LONG,2026-03-06,INTU,LONG,call,INTU260313C00470000,7,7,OTM_1,465.76,470.4176,470.0,0.025,2026-03-06 09:45:00-05:00,2026-03-06 15:55:00-05:00,12.5,20.83,12.812499999999998,20.30925,1281.2499999999998,2030.925,749.6750000000001,0.5851121951219513,1,1,WIN
2026-03-06:KKR:LONG,2026-03-06,KKR,LONG,call,KKR260313C00090000,7,7,OTM_1,89.55,90.4455,90.0,0.025,2026-03-06 10:05:00-05:00,2026-03-06 15:35:00-05:00,3.5,3.82,3.5874999999999995,3.7245,358.74999999999994,372.45,13.700000000000045,0.03818815331010472,1,50,WIN
2026-03-06:LITE:SHORT,2026-03-06,LITE,SHORT,put,LITE260313P00612500,7,7,OTM_1,619.445,613.2505500000001,612.5,0.025,2026-03-06 11:05:00-05:00,2026-03-06 15:30:00-05:00,37.9,69.22,38.8475,67.48949999999999,3884.7499999999995,6748.949999999999,2864.2,0.737293262114679,1,1,WIN
2026-03-06:LRCX:SHORT,2026-03-06,LRCX,SHORT,put,LRCX260313P00205000,7,7,OTM_1,207.12,205.0488,205.0,0.025,2026-03-06 10:10:00-05:00,2026-03-06 15:50:00-05:00,6.59,11.36,6.75475,11.075999999999999,675.4749999999999,1107.6,432.1249999999999,0.6397350012953846,40,4,WIN
2026-03-06:MA:LONG,2026-03-06,MA,LONG,call,MA260313C00522500,7,7,OTM_1,516.82,521.9882,522.5,0.025,2026-03-06 11:55:00-05:00,2026-03-06 15:45:00-05:00,6.2,7.55,6.3549999999999995,7.36125,635.5,736.125,100.62500000000006,0.1583398898505115,1,38,WIN
2026-03-06:MAR:LONG,2026-03-06,MAR,LONG,call,MAR260313C00322500,7,7,OTM_1,318.71,321.89709999999997,322.5,0.025,2026-03-06 10:10:00-05:00,2026-03-06 14:05:00-05:00,6.3,6.8,6.4575,6.63,645.75,663.0,17.250000000000032,0.026713124274099886,2,2,WIN
2026-03-06:META:LONG,2026-03-06,META,LONG,call,META260313C00647500,7,7,OTM_1,640.285,646.68785,647.5,0.025,2026-03-06 09:40:00-05:00,2026-03-06 15:55:00-05:00,11.25,12.35,11.531249999999998,12.04125,1153.1249999999998,1204.125,51.000000000000156,0.04422764227642295,4,46,WIN
2026-03-06:MGM:LONG,2026-03-06,MGM,LONG,call,MGM260313C00036000,7,7,OTM_1,35.52,35.87520000000001,36.0,0.025,2026-03-06 10:25:00-05:00,2026-03-06 14:05:00-05:00,0.98,0.98,1.0045,0.9555,100.44999999999999,95.55,-4.899999999999993,-0.04878048780487798,4,1,LOSS
2026-03-06:MRVL:SHORT,2026-03-06,MRVL,SHORT,put,MRVL260313P00086000,7,7,OTM_1,87.23,86.35770000000001,86.0,0.025,2026-03-06 09:40:00-05:00,2026-03-06 15:55:00-05:00,2.95,2.15,3.0237499999999997,2.09625,302.375,209.625,-92.74999999999997,-0.3067383216205043,19,30,LOSS
2026-03-06:NFLX:LONG,2026-03-06,NFLX,LONG,call,NFLX260313C00100000,7,7,OTM_1,98.71,99.69709999999999,100.0,0.025,2026-03-06 09:40:00-05:00,2026-03-06 15:55:00-05:00,1.75,1.57,1.7937499999999997,1.53075,179.37499999999997,153.07500000000002,-26.29999999999997,-0.14662020905923334,244,650,LOSS
2026-03-06:OXY:SHORT,2026-03-06,OXY,SHORT,put,OXY260313P00054000,7,7,OTM_1,54.61,54.0639,54.0,0.025,2026-03-06 09:40:00-05:00,2026-03-06 15:55:00-05:00,1.51,1.48,1.54775,1.443,154.775,144.3,-10.47499999999999,-0.06767888870941685,32,8,LOSS
2026-03-06:PCG:SHORT,2026-03-06,PCG,SHORT,put,PCG260313P00018000,7,7,OTM_1,18.09,17.9091,18.0,0.025,2026-03-06 09:40:00-05:00,2026-03-06 15:05:00-05:00,0.32,0.23,0.32799999999999996,0.22425,32.8,22.425,-10.374999999999995,-0.31631097560975596,1,2,LOSS
2026-03-06:PYPL:LONG,2026-03-06,PYPL,LONG,call,PYPL260313C00047500,7,7,OTM_1,47.155,47.62655,47.5,0.025,2026-03-06 09:40:00-05:00,2026-03-06 15:55:00-05:00,1.18,1.1,1.2094999999999998,1.0725,120.94999999999997,107.25,-13.699999999999978,-0.1132699462587845,1,8,LOSS
2026-03-06:SBUX:LONG,2026-03-06,SBUX,LONG,call,SBUX260313C00098000,7,7,OTM_1,96.92,97.8892,98.0,0.025,2026-03-06 09:45:00-05:00,2026-03-06 15:55:00-05:00,1.11,2.48,1.13775,2.418,113.775,241.8,128.025,1.12524719841793,10,1,WIN
2026-03-06:TMO:LONG,2026-03-06,TMO,LONG,call,TMO260313C00512500,7,7,OTM_1,507.595,512.6709500000001,512.5,0.025,2026-03-06 10:10:00-05:00,2026-03-06 14:30:00-05:00,7.6,5.0,7.789999999999999,4.875,778.9999999999999,487.5,-291.4999999999999,-0.3741976893453144,1,1,LOSS
2026-03-06:TSLA:LONG,2026-03-06,TSLA,LONG,call,TSLA260313C00400000,7,7,OTM_1,395.555,399.51055,400.0,0.025,2026-03-06 09:40:00-05:00,2026-03-06 15:55:00-05:00,8.28,8.62,8.486999999999998,8.404499999999999,848.6999999999998,840.4499999999998,-8.249999999999957,-0.009720749381406768,377,592,LOSS
2026-03-06:TTWO:LONG,2026-03-06,TTWO,LONG,call,TTWO260313C00212500,7,7,OTM_1,210.29,212.3929,212.5,0.025,2026-03-06 11:25:00-05:00,2026-03-06 14:45:00-05:00,3.56,3.65,3.6489999999999996,3.55875,364.9,355.875,-9.024999999999972,-0.024732803507810264,7,2,LOSS
2026-03-06:URI:LONG,2026-03-06,URI,LONG,call,URI260313C00815000,7,7,OTM_1,806.82,814.8882000000001,815.0,0.025,2026-03-06 12:55:00-05:00,2026-03-06 15:45:00-05:00,16.8,17.2,17.22,16.77,1722.0,1677.0,-44.99999999999993,-0.026132404181184676,4,1,LOSS
2026-03-06:VRT:LONG,2026-03-06,VRT,LONG,call,VRT260313C00242500,7,7,OTM_1,241.04,243.4504,242.5,0.025,2026-03-06 14:40:00-05:00,2026-03-06 15:55:00-05:00,14.8,12.2,15.17,11.895,1517.0,1189.5,-327.50000000000006,-0.2158866183256427,2,28,LOSS
2026-03-06:WDAY:LONG,2026-03-06,WDAY,LONG,call,WDAY260313C00147000,7,7,OTM_1,145.92,147.3792,147.0,0.025,2026-03-06 09:45:00-05:00,2026-03-06 15:40:00-05:00,4.22,6.8,4.325499999999999,6.63,432.5499999999999,663.0,230.4500000000001,0.5327707779447466,2,1,WIN
2026-03-06:WFC:LONG,2026-03-06,WFC,LONG,call,WFC260313C00079000,7,7,OTM_1,78.09,78.8709,79.0,0.025,2026-03-06 09:55:00-05:00,2026-03-06 15:55:00-05:00,1.76,2.55,1.8039999999999998,2.4862499999999996,180.39999999999998,248.62499999999997,68.22499999999998,0.3781873614190687,5,2,WIN
2026-03-06:WYNN:LONG,2026-03-06,WYNN,LONG,call,WYNN260313C00103000,7,7,OTM_1,101.68,102.69680000000001,103.0,0.025,2026-03-06 11:10:00-05:00,2026-03-06 15:10:00-05:00,2.77,2.19,2.83925,2.13525,283.92499999999995,213.525,-70.39999999999998,-0.24795280443779155,3,1,LOSS
