symbol,theme,event_return_5d,universe_return_5d,relative_return_5d,impact,positive_days,negative_days,best_day,best_day_return,worst_day,worst_day_return,max_intraday_up,max_intraday_down,avg_intraday_range
NOW,Technology,0.19799451750864328,0.012874782683796271,0.185119734824847,STRONG POSITIVE,5,0,2026-03-05,0.05404577480197803,2026-03-04,0.016699410609037235,0.06839963240120772,-0.005953505953505855,0.051489496798736226
PANW,Technology,0.12290508702985159,0.012874782683796271,0.11003030434605532,STRONG POSITIVE,5,0,2026-03-03,0.047321997518194214,2026-03-02,0.013262241420038512,0.051681926417815216,-0.013363479904160869,0.037323077871772845
IBM,Technology,0.11663391541522539,0.012874782683796271,0.10375913273142912,STRONG POSITIVE,5,0,2026-03-03,0.038249978844038246,2026-03-06,0.009793211080764586,0.04356892230576448,-0.013850955911041796,0.03335354509177697
RKLB,High Beta Growth,0.1141886707751123,0.012874782683796271,0.10131388809131603,STRONG POSITIVE,4,1,2026-03-02,0.06154537286612749,2026-03-05,-0.012972363226170347,0.10071836974050741,-0.05005640157924418,0.08542250745059694
ORCL,Technology,0.10772281295964437,0.012874782683796271,0.0948480302758481,STRONG POSITIVE,5,0,2026-03-02,0.05064450235965334,2026-03-06,0.0019319558597203912,0.05754736916249903,-0.021564922796273422,0.049283533392182034
SNPS,Technology,0.10429266844923024,0.012874782683796271,0.09141788576543397,STRONG POSITIVE,5,0,2026-03-05,0.03229947023267754,2026-03-06,0.004188902278074336,0.04417839389484013,-0.018979073424458703,0.043988549729773486
BKNG,Consumer,0.10402095203948858,0.012874782683796271,0.09114616935569231,STRONG POSITIVE,5,0,2026-03-02,0.03132592592592598,2026-03-06,0.007589641434262884,0.042379146290724146,-0.014106905710491335,0.03527566839256342
ADBE,Technology,0.09759295106076249,0.012874782683796271,0.08471816837696622,STRONG POSITIVE,5,0,2026-03-03,0.040069084628670204,2026-03-04,0.00862339580832816,0.04690078679715981,-0.014904617578891055,0.03152630035782309
AMZN,Technology,0.08057553977640342,0.012874782683796271,0.06770075709260714,STRONG POSITIVE,4,1,2026-03-04,0.029854645639369126,2026-03-06,-0.009414007112805267,0.03332224966748987,-0.011970897933567315,0.028501174601923075
SPGI,Financials,0.06916390263674832,0.012874782683796271,0.05628911995295205,STRONG POSITIVE,5,0,2026-03-02,0.018486583431054582,2026-03-04,0.004701293137464813,0.023980321491905432,-0.008413501826835978,0.02171566813394841
AMD,Semiconductors,0.06865004583101086,0.012874782683796271,0.05577526314721459,STRONG POSITIVE,3,2,2026-03-04,0.050677344704750604,2026-03-06,-0.013382556529764722,0.052757481993811695,-0.01983543552838607,0.04626241320818205
NVDA,Semiconductors,0.06684715248798279,0.012874782683796271,0.053972369804186515,STRONG POSITIVE,4,1,2026-03-02,0.04341856873176586,2026-03-06,-0.012119190571492133,0.04945369258051602,-0.018209910605893498,0.03317962192881372
MSFT,Technology,0.06577154233827498,0.012874782683796271,0.05289675965447871,STRONG POSITIVE,4,1,2026-03-03,0.027232602805937534,2026-03-06,-0.0014536481682810853,0.03454635647871385,-0.005409120413384039,0.023271843295049343
AVGO,Semiconductors,0.05650690232354294,0.012874782683796271,0.04363211963974667,POSITIVE,5,0,2026-03-02,0.031059515917799763,2026-03-04,0.0038145586349895844,0.04652934365287331,-0.020050961596796757,0.03819522436459568
ENPH,High Beta Growth,0.056048514792087056,0.012874782683796271,0.043173732108290785,POSITIVE,3,2,2026-03-02,0.08475809385230981,2026-03-05,-0.023501483679525315,0.10876682429974527,-0.03952522255192881,0.05620471507651814
BA,Aerospace,0.05575187014802929,0.012874782683796271,0.04287708746423302,POSITIVE,3,2,2026-03-06,0.05627428571428572,2026-03-05,-0.017279143343879255,0.060022857142857156,-0.03440341600477892,0.03540652982097079
NFLX,Consumer,0.05573333522096524,0.012874782683796271,0.04285855253716897,POSITIVE,4,1,2026-03-02,0.018467995802728288,2026-03-06,-0.0037732052120541537,0.02906610703043011,-0.0198722141168185,0.027341586570381837
VRT,Industrials,0.05453786159311358,0.012874782683796271,0.04166307890931731,POSITIVE,4,1,2026-03-02,0.03068000000000004,2026-03-06,-0.001857355126300142,0.04434733349518516,-0.03350327749453741,0.0567487610404529
TSLA,Consumer,0.05435941761818386,0.012874782683796271,0.04148463493438759,POSITIVE,3,2,2026-03-02,0.033500730226242004,2026-03-03,-0.006239084765496394,0.03631914730072494,-0.02452605735402058,0.029484528340810855
UBER,Consumer,0.05434819856068085,0.012874782683796271,0.04147341587688458,POSITIVE,4,1,2026-03-02,0.029260363045245263,2026-03-05,-0.015210863036950073,0.036169059875372556,-0.01899725812769293,0.03510712936234359
CRM,Technology,0.053498979287631254,0.012874782683796271,0.04062419660383498,POSITIVE,4,1,2026-03-05,0.03470598813163095,2026-03-04,-0.015632570831101922,0.04973411770750391,-0.02105080459200126,0.034257085793461116
MA,Financials,0.05318252534420087,0.012874782683796271,0.0403077426604046,POSITIVE,4,1,2026-03-02,0.022620215897939167,2026-03-04,-0.0020035491441984243,0.032610402355250256,-0.015112818050888155,0.022518393146310257
INTC,Semiconductors,0.05159623134945579,0.012874782683796271,0.03872144866565952,POSITIVE,3,2,2026-03-04,0.03357531760435584,2026-03-06,-0.02808548729998883,0.04627949183303093,-0.0314423184513819,0.045287168833711
BAC,Financials,0.05064055638330389,0.012874782683796271,0.03776577369950762,POSITIVE,4,1,2026-03-03,0.024390243902439046,2026-03-05,-0.0016044925792217946,0.03525312564049998,-0.01905252317198758,0.029551434727881264
META,Technology,0.04633212252517516,0.012874782683796271,0.033457339841378886,POSITIVE,3,2,2026-03-02,0.026448461623030717,2026-03-06,-0.004631058968817547,0.03621743022726198,-0.018323698549499667,0.028990165911537025
MS,Financials,0.04624983351286538,0.012874782683796271,0.03337505082906911,POSITIVE,3,2,2026-03-02,0.027253152876038023,2026-03-05,-0.018064282261962328,0.04275607505382961,-0.030026582890285147,0.03620344205787411
GS,Financials,0.0444811051532199,0.012874782683796271,0.03160632246942363,POSITIVE,3,2,2026-03-03,0.03880881103970024,2026-03-05,-0.03062586312943183,0.04510929471927905,-0.0456428646032796,0.0398166450860459
SCHW,Financials,0.04320912165800528,0.012874782683796271,0.030334338974209007,POSITIVE,3,2,2026-03-06,0.015674984005118242,2026-03-05,-0.001465815097895562,0.027169289663972807,-0.014029944508428427,0.02427422958439913
VZ,Communications,0.0430460156577388,0.012874782683796271,0.03017123297394253,POSITIVE,3,1,2026-03-03,0.024468834961232533,2026-03-02,-0.0004001600640255454,0.029000100694793973,-0.013600782778865006,0.0208440070554456
CDNS,Technology,0.040670312524182295,0.012874782683796271,0.027795529840386024,POSITIVE,4,1,2026-03-02,0.01919975811328345,2026-03-05,-0.010495049504950504,0.027743547044129846,-0.017821782178217727,0.03271288470106994
CEG,Utilities,0.04003446152833834,0.012874782683796271,0.027159678844542068,POSITIVE,3,2,2026-03-05,0.03834974214721054,2026-03-06,-0.023684210526315863,0.039913204618527987,-0.027861077111383192,0.038008443178989416
PWR,Industrials,0.03868331529754365,0.012874782683796271,0.02580853261374738,POSITIVE,3,2,2026-03-02,0.0286222349951053,2026-03-05,-0.02011135301045719,0.03725320921852715,-0.04516578036332475,0.03513210383817591
QCOM,Semiconductors,0.03856169078292271,0.012874782683796271,0.025686908099126438,POSITIVE,3,2,2026-03-02,0.0231090150553237,2026-03-05,-0.006380047850358839,0.030328314892073438,-0.015370115275864626,0.026179591941208048
CSCO,Technology,0.03719437884038124,0.012874782683796271,0.024319596156584966,POSITIVE,3,2,2026-03-04,0.02303214376107321,2026-03-06,-0.0013334179947933622,0.024360921285750514,-0.013270683852943055,0.022664557775947003
JPM,Financials,0.03445794018032022,0.012874782683796271,0.021583157496523953,POSITIVE,3,2,2026-03-03,0.03214494447691418,2026-03-05,-0.014738962565049696,0.03943342386633186,-0.018029209333557228,0.026281971091693456
ISRG,Healthcare,0.0325170002215831,0.012874782683796271,0.019642217537786832,LIMITED / MARKET-LIKE,5,0,2026-03-03,0.01663633203132986,2026-03-05,0.00019130469804062855,0.017822450356858033,-0.022901075115117964,0.0229616011854215
GOOG,Technology,0.03242132836430023,0.012874782683796271,0.019546545680503957,LIMITED / MARKET-LIKE,4,1,2026-03-03,0.017705643673921134,2026-03-05,-0.007126596060575974,0.019181113980081266,-0.01633178263882007,0.01909915416724579
MPC,Energy,0.03169699609890242,0.012874782683796271,0.018822213415106148,LIMITED / MARKET-LIKE,3,2,2026-03-04,0.03779438725144568,2026-03-05,-0.03350962179458683,0.04305927701781598,-0.04804230923070085,0.04506497212294445
D,Utilities,0.030547348153796783,0.012874782683796271,0.017672565470000512,LIMITED / MARKET-LIKE,4,0,2026-03-05,0.01221864951768481,2026-03-04,0.0,0.01802962009014819,-0.020927237604636106,0.02090436470245689
GOOGL,Technology,0.030432398603945643,0.012874782683796271,0.017557615920149372,LIMITED / MARKET-LIKE,4,1,2026-03-03,0.017493297587131362,2026-03-05,-0.00701239130793474,0.018565683646112774,-0.01658224297523403,0.019468976478774946
EOG,Energy,0.03032158592451517,0.012874782683796271,0.0174468032407189,LIMITED / MARKET-LIKE,3,2,2026-03-04,0.021150929842764787,2026-03-03,-0.014777187716462858,0.022523744911804533,-0.02255060417147703,0.029518843168138485
V,Financials,0.02987637123966147,0.012874782683796271,0.0170015885558652,LIMITED / MARKET-LIKE,4,1,2026-03-03,0.015405075917100719,2026-03-04,-0.0013091453151300447,0.019694000126446287,-0.013702090042306048,0.021650138969611588
TGT,Consumer,0.029591059488506044,0.012874782683796271,0.016716276804709773,LIMITED / MARKET-LIKE,4,1,2026-03-03,0.0413037854617575,2026-03-04,-0.04189944134078216,0.05535914460636371,-0.04321628092577812,0.039015217478638495
OKE,Energy,0.02933058656641463,0.012874782683796271,0.01645580388261836,LIMITED / MARKET-LIKE,4,1,2026-03-02,0.021893912424350237,2026-03-03,-0.021252021252021303,0.02847988608045582,-0.02644952644952636,0.028951437565458392
IREN,High Beta Growth,0.028862085441333507,0.012874782683796271,0.015987302757537236,LIMITED / MARKET-LIKE,2,3,2026-03-04,0.08001479472321527,2026-03-06,-0.05776636713735561,0.08950807545308836,-0.05827984595635438,0.08353830468276584
LOW,Consumer,0.025966512587126678,0.012874782683796271,0.013091729903330407,LIMITED / MARKET-LIKE,3,2,2026-03-03,0.023668639053254337,2026-03-02,-0.004375435607527289,0.02803701203288189,-0.010919765166340523,0.018751185591078377
NOC,Defense,0.024169569085412235,0.012874782683796271,0.011294786401615964,LIMITED / MARKET-LIKE,2,3,2026-03-02,0.036918918918918964,2026-03-05,-0.012972972972973063,0.03739189189189185,-0.026001887925856115,0.02721649908445962
DUK,Utilities,0.0203357765109069,0.012874782683796271,0.007460993827110629,LIMITED / MARKET-LIKE,5,0,2026-03-06,0.008294650331025055,2026-03-05,0.0006081800212864863,0.01092854413450528,-0.01795949560565524,0.017789305055639693
EXC,Utilities,0.019479110922333343,0.012874782683796271,0.006604328238537072,LIMITED / MARKET-LIKE,3,2,2026-03-06,0.01773195876288658,2026-03-03,-0.004068348250610199,0.01938144329896896,-0.028681855166802217,0.02008579716141252
UNH,Healthcare,0.018420574589735894,0.012874782683796271,0.005545791905939623,LIMITED / MARKET-LIKE,3,2,2026-03-02,0.02106812083441545,2026-03-06,-0.0056914801318757036,0.022418419458149375,-0.017143848689918473,0.02437509650893639
TMO,Healthcare,0.017031483357232702,0.012874782683796271,0.004156700673436431,LIMITED / MARKET-LIKE,3,2,2026-03-05,0.02947274440751957,2026-03-06,-0.0229191797346201,0.03256782897673749,-0.027024397836491798,0.02670229706177083
REGN,Healthcare,0.016230375149262066,0.012874782683796271,0.0033555924654657954,LIMITED / MARKET-LIKE,3,2,2026-03-04,0.027047117278074184,2026-03-03,-0.023451087822126016,0.03214616397803893,-0.025260408371293064,0.026494797463770058
COST,Consumer,0.016219732192050307,0.012874782683796271,0.003344949508254036,LIMITED / MARKET-LIKE,3,2,2026-03-06,0.03237315215536629,2026-03-05,-0.011786909585042471,0.0364682705880528,-0.01440901884798318,0.021711002656915702
XEL,Utilities,0.015349283045046347,0.012874782683796271,0.002474500361250076,LIMITED / MARKET-LIKE,4,1,2026-03-06,0.009294362235538811,2026-03-05,-0.007407853529269981,0.013696954873425593,-0.01951337027222344,0.01970456028433869
GD,Defense,0.012694681322150236,0.012874782683796271,-0.00018010136164603452,LIMITED / MARKET-LIKE,4,1,2026-03-06,0.006968592842992116,2026-03-05,-0.00963676797627866,0.010576020323631807,-0.025464678911676808,0.023117320010106336
PLD,Real Estate,0.012257879616273781,0.012874782683796271,-0.0006169030675224896,LIMITED / MARKET-LIKE,2,3,2026-03-02,0.015299224364904385,2026-03-04,-0.01032867182508701,0.01739842026613525,-0.01994746929793423,0.019342910039112482
PSX,Energy,0.01092523454889438,0.012874782683796271,-0.0019495481349018906,LIMITED / MARKET-LIKE,2,3,2026-03-04,0.03304075235109716,2026-03-03,-0.01486186482486429,0.03492163009404381,-0.03490379871731619,0.035345491759960934
AEP,Utilities,0.01071649964760657,0.012874782683796271,-0.002158283036189701,LIMITED / MARKET-LIKE,2,3,2026-03-06,0.010962894817540647,2026-03-05,-0.004524204494043116,0.016712664826740387,-0.018181818181818188,0.01912495992600154
LHX,Defense,0.01030458914604604,0.012874782683796271,-0.0025701935377502316,LIMITED / MARKET-LIKE,2,3,2026-03-02,0.027132203389830467,2026-03-03,-0.016332531408714268,0.028406779661017012,-0.020300052016316572,0.025418767818971722
VLO,Energy,0.007981098112512353,0.012874782683796271,-0.004893684571283918,LIMITED / MARKET-LIKE,1,4,2026-03-04,0.040106951871657914,2026-03-05,-0.014564785201832464,0.041674349990780124,-0.034272625118852096,0.04250611288103556
SO,Utilities,0.00635007118849229,0.012874782683796271,-0.006524711495303981,LIMITED / MARKET-LIKE,3,2,2026-03-06,0.006033726986746535,2026-03-02,-0.002666940198994716,0.01184932215668022,-0.015092402464065735,0.017222122618438186
HON,Industrials,0.005330618626443462,0.012874782683796271,-0.007544164057352809,LIMITED / MARKET-LIKE,2,3,2026-03-02,0.02568769389865566,2026-03-05,-0.02217572363427489,0.026597724922440502,-0.031448089113176314,0.025204722186501938
WMT,Consumer,0.005221224252263568,0.012874782683796271,-0.007653558431532703,LIMITED / MARKET-LIKE,3,2,2026-03-06,0.01106664488729181,2026-03-05,-0.016430052639974546,0.014543155232374483,-0.029510288722284117,0.02029513559619267
BRK.B,Financials,0.005028251422375618,0.012874782683796271,-0.007846531261420653,LIMITED / MARKET-LIKE,3,2,2026-03-04,0.013523908523908501,2026-03-02,-0.029387680829769836,0.01692307692307682,-0.03361336042620733,0.021711983148775184
ABBV,Healthcare,0.004333111042778004,0.012874782683796271,-0.008541671641018267,LIMITED / MARKET-LIKE,3,2,2026-03-04,0.012083297626189093,2026-03-06,-0.006348932126892248,0.015832547776158945,-0.02295994859712991,0.020974385413338757
TDG,Defense,0.0025447431890053274,0.012874782683796271,-0.010330039494790944,LIMITED / MARKET-LIKE,3,2,2026-03-03,0.013134928061538265,2026-03-05,-0.012308936761215916,0.02128582494190545,-0.022912326488252033,0.023799892903392506
HD,Consumer,7.43116644434938e-05,0.012874782683796271,-0.012800471019352777,LIMITED / MARKET-LIKE,3,2,2026-03-03,0.008603037174465644,2026-03-05,-0.010399562123699968,0.0134267848553562,-0.016844553913519356,0.01942490642763355
NEE,Utilities,-0.00017137984435799947,0.012874782683796271,-0.01304616252815427,LIMITED / MARKET-LIKE,3,2,2026-03-03,0.01158596567930914,2026-03-05,-0.011875711729298799,0.01759755164498844,-0.024673282359958693,0.02199246958530159
DIS,Consumer,-0.0009415303348746518,0.012874782683796271,-0.013816313018670923,LIMITED / MARKET-LIKE,3,2,2026-03-03,0.00408282298046081,2026-03-05,-0.007223892174924806,0.013609409934869143,-0.014787161834577622,0.018462709954216193
PEG,Utilities,-0.0017055302915580661,0.012874782683796271,-0.014580312975354337,LIMITED / MARKET-LIKE,4,1,2026-03-05,0.006478704259148316,2026-03-02,-0.02058328984750979,0.015285936938017164,-0.023618271190504747,0.021487732195483035
JNJ,Healthcare,-0.0017805557680294903,0.012874782683796271,-0.014655338451825761,LIMITED / MARKET-LIKE,3,2,2026-03-06,0.008471022393692795,2026-03-05,-0.010815719947159907,0.013774215634942966,-0.025718295904887833,0.01958935308284069
CW,Defense,-0.002360422846990562,0.012874782683796271,-0.015235205530786833,LIMITED / MARKET-LIKE,3,2,2026-03-06,0.02017729062785434,2026-03-05,-0.036041157410039215,0.024452330682958046,-0.051418338923312934,0.03624145319984691
BLK,Financials,-0.003888042049083551,0.012874782683796271,-0.016762824732879822,LIMITED / MARKET-LIKE,2,3,2026-03-02,0.02855987366637147,2026-03-06,-0.03746171207480253,0.035598736663713826,-0.04395050781879739,0.03190759501200038
ETN,Industrials,-0.004006395816197883,0.012874782683796271,-0.016881178499994154,LIMITED / MARKET-LIKE,3,2,2026-03-02,0.01982137790328453,2026-03-03,-0.028510510346335782,0.022098330348373718,-0.04083864089877809,0.03225789263779304
KMI,Energy,-0.004466141716426231,0.012874782683796271,-0.0173409244002225,LIMITED / MARKET-LIKE,3,2,2026-03-04,0.0062314540059345,2026-03-05,-0.014753614635585666,0.012008895478131887,-0.01942179392142329,0.021179383100187677
MU,Semiconductors,-0.005314349596369117,0.012874782683796271,-0.018189132280165388,LIMITED / MARKET-LIKE,2,3,2026-03-02,0.027196652719665204,2026-03-06,-0.027261624929416528,0.03945008965929486,-0.046620893577567935,0.05329806201651723
EQT,Energy,-0.005450884513561571,0.012874782683796271,-0.018325667197357842,LIMITED / MARKET-LIKE,2,3,2026-03-04,0.009713533091866955,2026-03-02,-0.009405900795883881,0.017376407244248604,-0.024358871291904505,0.0265540838178163
HUBB,Industrials,-0.006365726485963785,0.012874782683796271,-0.019240509169760056,LIMITED / MARKET-LIKE,2,3,2026-03-02,0.021338123390017838,2026-03-03,-0.023360979660440484,0.03745573119115497,-0.024801656778685954,0.030073648666036946
AAPL,Other,-0.006698711537078683,0.012874782683796271,-0.019573494220874954,LIMITED / MARKET-LIKE,2,3,2026-03-02,0.00851525888672966,2026-03-04,-0.008273829763119078,0.015373185506915021,-0.016617715257381316,0.019001385789553106
RTX,Defense,-0.007606637136988614,0.012874782683796271,-0.020481419820784885,NEGATIVE,3,2,2026-03-06,0.026088019559902254,2026-03-03,-0.026264912528881967,0.02650366748166255,-0.03890714576986731,0.03365101067334386
MCD,Consumer,-0.008037937708691323,0.012874782683796271,-0.020912720392487594,NEGATIVE,3,2,2026-03-06,0.006936771025168875,2026-03-02,-0.01662554341440492,0.007642725598526745,-0.017506755962871545,0.016502619342553083
CVX,Energy,-0.009114221760508023,0.012874782683796271,-0.021989004444304294,NEGATIVE,1,4,2026-03-05,0.018017051852646127,2026-03-03,-0.009549795361528113,0.01849965145584198,-0.017859998933731358,0.02075072498292525
CAT,Industrials,-0.009449189192272223,0.012874782683796271,-0.022323971876068494,NEGATIVE,1,4,2026-03-02,0.026283109758593826,2026-03-05,-0.02080645832466399,0.031073022284692664,-0.037354528178879964,0.03382245223735998
HWM,Defense,-0.009784271996127525,0.012874782683796271,-0.022659054679923796,NEGATIVE,3,2,2026-03-02,0.009402360106585572,2026-03-05,-0.02377080913666285,0.0168443090978303,-0.035385210994967164,0.02897762111671067
AMGN,Healthcare,-0.009785867124420089,0.012874782683796271,-0.02266064980821636,NEGATIVE,1,4,2026-03-06,0.016269442878164897,2026-03-05,-0.01727180364686376,0.01680579813788463,-0.03350088230575898,0.026514649573515837
CI,Healthcare,-0.012710464426798573,0.012874782683796271,-0.025585247110594844,NEGATIVE,3,2,2026-03-04,0.009714589611770963,2026-03-06,-0.029853944220261996,0.013437333806062712,-0.04313823518908688,0.026838736379011373
PCG,Utilities,-0.013123847355796081,0.012874782683796271,-0.025998630039592352,NEGATIVE,3,2,2026-03-03,0.007995735607675858,2026-03-05,-0.0281727931312048,0.018923240938166108,-0.035148913335122156,0.022360202281496065
ROK,Industrials,-0.013685082850116825,0.012874782683796271,-0.026559865533913096,NEGATIVE,3,2,2026-03-02,0.026442637039620465,2026-03-04,-0.041931289693453944,0.028136560090674667,-0.043256488473271015,0.03409110406915006
WMB,Energy,-0.013912504958002114,0.012874782683796271,-0.026787287641798385,NEGATIVE,1,4,2026-03-04,0.0031779661016950733,2026-03-06,-0.008878504672897303,0.00906908508935711,-0.019593709043250196,0.018579445806885753
EMR,Industrials,-0.015310221463070262,0.012874782683796271,-0.028185004146866532,NEGATIVE,1,4,2026-03-02,0.01637481620104264,2026-03-04,-0.009989430977464187,0.0197166154257451,-0.01924703176267628,0.02191579369289611
VST,Utilities,-0.017808523500988716,0.012874782683796271,-0.030683306184784986,NEGATIVE,3,2,2026-03-05,0.03170934639918643,2026-03-06,-0.03532988750380062,0.03558112908434374,-0.050636053366428735,0.050299819456078684
AMAT,Semiconductors,-0.01799498279554601,0.012874782683796271,-0.03086976547934228,NEGATIVE,2,3,2026-03-02,0.0161818926669397,2026-03-06,-0.014596989560572982,0.0349295945617869,-0.04136339681228374,0.03981130929915997
LIN,Materials,-0.019115644949904254,0.012874782683796271,-0.031990427633700524,NEGATIVE,2,3,2026-03-02,0.0029337061174663503,2026-03-05,-0.011718907579974847,0.00605430894958725,-0.01688412891881641,0.017831620415507475
FANG,Energy,-0.021095469355929986,0.012874782683796271,-0.033970252039726256,NEGATIVE,2,3,2026-03-04,0.014866261049248042,2026-03-02,-0.022348505546145092,0.017219607392951364,-0.052647396317141104,0.030780142251568776
CARR,Industrials,-0.022053269251486318,0.012874782683796271,-0.03492805193528259,NEGATIVE,1,4,2026-03-02,0.008690156422815676,2026-03-06,-0.012607886275173508,0.012640227524095549,-0.023861905567778008,0.025170686072638126
DHR,Healthcare,-0.022215938153494652,0.012874782683796271,-0.03509072083729092,NEGATIVE,2,3,2026-03-03,0.00492732200049284,2026-03-06,-0.016011864364175676,0.010612803834303186,-0.01792222808737398,0.01973602552054974
DE,Industrials,-0.024219602094064707,0.012874782683796271,-0.03709438477786098,NEGATIVE,2,3,2026-03-02,0.009059144298655841,2026-03-05,-0.02990469930989159,0.016423197166318904,-0.03652645415708189,0.023642537955329467
GE,Industrials,-0.029551959402508543,0.012874782683796271,-0.042426742086304814,NEGATIVE,2,3,2026-03-02,0.012165485741055138,2026-03-05,-0.03340230564587643,0.016367043391696257,-0.051522317469701484,0.03483197935976747
TXN,Semiconductors,-0.03190226867227208,0.012874782683796271,-0.044777051356068354,NEGATIVE,2,3,2026-03-06,0.0037926018287615104,2026-03-05,-0.014482655651221754,0.01317019950124676,-0.02961230279201721,0.02276985219240122
MRK,Healthcare,-0.03294393214901903,0.012874782683796271,-0.0458187148328153,NEGATIVE,2,3,2026-03-06,0.00809540389972141,2026-03-05,-0.027482195224130757,0.01257834261838453,-0.04055299539170498,0.025766955959217696
PEP,Consumer,-0.03440627711049438,0.012874782683796271,-0.04728105979429065,NEGATIVE,1,4,2026-03-06,0.006755476987183595,2026-03-02,-0.011030281523539243,0.007134288780857423,-0.015810039074241056,0.01804882385067379
LLY,Healthcare,-0.03516757801451942,0.012874782683796271,-0.04804236069831569,NEGATIVE,1,4,2026-03-06,0.015742782421414248,2026-03-02,-0.027369124952235313,0.01632223988513415,-0.031720481467328976,0.027743264227305442
ABT,Healthcare,-0.037321474619759765,0.012874782683796271,-0.050196257303556036,STRONG NEGATIVE,1,4,2026-03-03,0.0028701373250319406,2026-03-06,-0.015579841040462394,0.009758466905108953,-0.02131502890173409,0.016674403447993803
LMT,Defense,-0.03752941825756817,0.012874782683796271,-0.05040420094136444,STRONG NEGATIVE,1,4,2026-03-06,0.017662652427478553,2026-03-03,-0.021195508780158967,0.019071423161402867,-0.03595525181735093,0.03038669690723781
KO,Consumer,-0.037687450714531945,0.012874782683796271,-0.050562233398328216,STRONG NEGATIVE,1,4,2026-03-06,0.0030590991929186906,2026-03-04,-0.015510718789407352,0.004816454048425012,-0.01941992433795703,0.01580022410478814
ADI,Semiconductors,-0.039243118531760324,0.012874782683796271,-0.052117901215556595,STRONG NEGATIVE,1,4,2026-03-02,0.007278186887824445,2026-03-05,-0.02544890268233213,0.018031028812468763,-0.03835069829306126,0.02649161833605036
MDT,Healthcare,-0.040440738197653814,0.012874782683796271,-0.053315520881450085,STRONG NEGATIVE,1,4,2026-03-02,0.012700051626226116,2026-03-06,-0.01868654136962633,0.019772844605059348,-0.0255994815294881,0.020649612423042953
JCI,Industrials,-0.04358799522532131,0.012874782683796271,-0.05646277790911758,STRONG NEGATIVE,1,4,2026-03-02,0.008663709453839763,2026-03-06,-0.01875046320314233,0.012718325478236814,-0.035454872348076316,0.02519537593875971
DVN,Energy,-0.04483664845838342,0.012874782683796271,-0.05771143114217969,STRONG NEGATIVE,1,4,2026-03-05,0.007356269805341764,2026-03-03,-0.027624309392265234,0.015844273426889988,-0.03602209944751389,0.030761326043298797
COP,Energy,-0.045993719007780376,0.012874782683796271,-0.05886850169157665,STRONG NEGATIVE,0,5,2026-03-05,-0.001708890502841065,2026-03-03,-0.017948930525617746,0.015586138285524687,-0.02756070918410214,0.028853864491150284
OXY,Energy,-0.049933229114154765,0.012874782683796271,-0.06280801179795104,STRONG NEGATIVE,1,4,2026-03-04,0.023389021479713668,2026-03-02,-0.035421858312566834,0.028162291169451015,-0.05055179779280872,0.03617422142163953
PG,Consumer,-0.050517042500996756,0.012874782683796271,-0.06339182518479303,STRONG NEGATIVE,0,5,2026-03-06,-0.0002277756084861915,2026-03-05,-0.019594099467932558,0.007501966241151958,-0.02013572498168026,0.01858137648556184
PM,Consumer,-0.057058998205525624,0.012874782683796271,-0.0699337808893219,STRONG NEGATIVE,2,3,2026-03-04,0.011436155192861674,2026-03-05,-0.03837215892988721,0.01245270232111606,-0.04721419259763082,0.028775484776479666
ELV,Healthcare,-0.060246483061502376,0.012874782683796271,-0.07312126574529865,STRONG NEGATIVE,2,3,2026-03-04,0.026795774647887294,2026-03-02,-0.06951871657754005,0.03345070422535201,-0.08185931715343464,0.046129307499632954
LRCX,Semiconductors,-0.06332205210688913,0.012874782683796271,-0.0761968347906854,STRONG NEGATIVE,2,3,2026-03-02,0.0071101417666303846,2026-03-06,-0.030602315850929207,0.02675878174564561,-0.047407678579600154,0.043770199627978276
HAL,Energy,-0.06460277233825273,0.012874782683796271,-0.077477555022049,STRONG NEGATIVE,0,5,2026-03-05,-0.006399069226294518,2026-03-02,-0.022294725394236048,0.01220538720538733,-0.04866775421424685,0.03629751853788554
VRTX,Healthcare,-0.0670453561982648,0.012874782683796271,-0.07992013888206106,STRONG NEGATIVE,1,4,2026-03-04,0.004434916030855218,2026-03-05,-0.031548425730404284,0.009784139395085933,-0.03958523747990794,0.02686495307770249
XOM,Energy,-0.07436419902426183,0.012874782683796271,-0.0872389817080581,STRONG NEGATIVE,0,5,2026-03-05,-0.004161437347248831,2026-03-02,-0.030434509212098337,0.005812801373935139,-0.03747720555869971,0.028419622546498192
SLB,Energy,-0.08362637351770064,0.012874782683796271,-0.09650115620149691,STRONG NEGATIVE,0,5,2026-03-02,-0.009277155005798288,2026-03-03,-0.03344614772048571,0.010949631694206818,-0.04416312330885197,0.03916544613461741
